{
  "type": "FeatureCollection",
  "name": "deforestation_alerts",
  "crs": {
    "type": "name",
    "properties": {
      "name": "urn:ogc:def:crs:OGC:1.3:CRS84"
    }
  },
  "features": [
    {
      "type": "Feature",
      "geometry": {
        "type": "Polygon",
        "coordinates": [
          [
            [
              502060.0,
              9699080.0
            ],
            [
              502060.0,
              9699070.0
            ],
            [
              502070.0,
              9699070.0
            ],
            [
              502070.0,
              9699080.0
            ],
            [
              502060.0,
              9699080.0
            ]
          ]
        ]
      },
      "properties": {
        "alert_id": "DEF_2026_0001",
        "area_ha": 0.09,
        "perimeter_m": 40.0,
        "severity": "High Severity",
        "driver": "Driver 0",
        "mean_dnbr": 0.71,
        "centroid_x": 502065.0,
        "centroid_y": 9699075.0,
        "status": "Verified Alert"
      }
    },
    {
      "type": "Feature",
      "geometry": {
        "type": "Polygon",
        "coordinates": [
          [
            [
              502070.0,
              9699060.0
            ],
            [
              502070.0,
              9699050.0
            ],
            [
              502080.0,
              9699050.0
            ],
            [
              502080.0,
              9699060.0
            ],
            [
              502070.0,
              9699060.0
            ]
          ]
        ]
      },
      "properties": {
        "alert_id": "DEF_2026_0002",
        "area_ha": 0.09,
        "perimeter_m": 40.0,
        "severity": "High Severity",
        "driver": "Driver 0",
        "mean_dnbr": 0.718,
        "centroid_x": 502075.0,
        "centroid_y": 9699055.0,
        "status": "Verified Alert"
      }
    },
    {
      "type": "Feature",
      "geometry": {
        "type": "Polygon",
        "coordinates": [
          [
            [
              502100.0,
              9699060.0
            ],
            [
              502100.0,
              9699050.0
            ],
            [
              502110.0,
              9699050.0
            ],
            [
              502110.0,
              9699060.0
            ],
            [
              502100.0,
              9699060.0
            ]
          ]
        ]
      },
      "properties": {
        "alert_id": "DEF_2026_0003",
        "area_ha": 0.09,
        "perimeter_m": 40.0,
        "severity": "High Severity",
        "driver": "Driver 0",
        "mean_dnbr": 0.72,
        "centroid_x": 502105.0,
        "centroid_y": 9699055.0,
        "status": "Verified Alert"
      }
    },
    {
      "type": "Feature",
      "geometry": {
        "type": "Polygon",
        "coordinates": [
          [
            [
              502190.0,
              9699060.0
            ],
            [
              502190.0,
              9699050.0
            ],
            [
              502200.0,
              9699050.0
            ],
            [
              502200.0,
              9699060.0
            ],
            [
              502190.0,
              9699060.0
            ]
          ]
        ]
      },
      "properties": {
        "alert_id": "DEF_2026_0004",
        "area_ha": 0.09,
        "perimeter_m": 40.0,
        "severity": "High Severity",
        "driver": "Wildfire Scar",
        "mean_dnbr": 0.739,
        "centroid_x": 502195.0,
        "centroid_y": 9699055.0,
        "status": "Verified Alert"
      }
    },
    {
      "type": "Feature",
      "geometry": {
        "type": "Polygon",
        "coordinates": [
          [
            [
              502210.0,
              9699060.0
            ],
            [
              502210.0,
              9699040.0
            ],
            [
              502220.0,
              9699040.0
            ],
            [
              502220.0,
              9699060.0
            ],
            [
              502210.0,
              9699060.0
            ]
          ]
        ]
      },
      "properties": {
        "alert_id": "DEF_2026_0005",
        "area_ha": 0.18,
        "perimeter_m": 60.0,
        "severity": "High Severity",
        "driver": "Driver 0",
        "mean_dnbr": 0.732,
        "centroid_x": 502215.0,
        "centroid_y": 9699050.0,
        "status": "Verified Alert"
      }
    },
    {
      "type": "Feature",
      "geometry": {
        "type": "Polygon",
        "coordinates": [
          [
            [
              501990.0,
              9699050.0
            ],
            [
              501990.0,
              9699040.0
            ],
            [
              502000.0,
              9699040.0
            ],
            [
              502000.0,
              9699050.0
            ],
            [
              501990.0,
              9699050.0
            ]
          ]
        ]
      },
      "properties": {
        "alert_id": "DEF_2026_0006",
        "area_ha": 0.09,
        "perimeter_m": 40.0,
        "severity": "High Severity",
        "driver": "Wildfire Scar",
        "mean_dnbr": 0.73,
        "centroid_x": 501995.0,
        "centroid_y": 9699045.0,
        "status": "Verified Alert"
      }
    },
    {
      "type": "Feature",
      "geometry": {
        "type": "Polygon",
        "coordinates": [
          [
            [
              502020.0,
              9699050.0
            ],
            [
              502020.0,
              9699040.0
            ],
            [
              502030.0,
              9699040.0
            ],
            [
              502030.0,
              9699050.0
            ],
            [
              502020.0,
              9699050.0
            ]
          ]
        ]
      },
      "properties": {
        "alert_id": "DEF_2026_0007",
        "area_ha": 0.09,
        "perimeter_m": 40.0,
        "severity": "High Severity",
        "driver": "Driver 0",
        "mean_dnbr": 0.726,
        "centroid_x": 502025.0,
        "centroid_y": 9699045.0,
        "status": "Verified Alert"
      }
    },
    {
      "type": "Feature",
      "geometry": {
        "type": "Polygon",
        "coordinates": [
          [
            [
              502180.0,
              9699050.0
            ],
            [
              502180.0,
              9699040.0
            ],
            [
              502190.0,
              9699040.0
            ],
            [
              502190.0,
              9699050.0
            ],
            [
              502180.0,
              9699050.0
            ]
          ]
        ]
      },
      "properties": {
        "alert_id": "DEF_2026_0008",
        "area_ha": 0.09,
        "perimeter_m": 40.0,
        "severity": "High Severity",
        "driver": "Wildfire Scar",
        "mean_dnbr": 0.751,
        "centroid_x": 502185.0,
        "centroid_y": 9699045.0,
        "status": "Verified Alert"
      }
    },
    {
      "type": "Feature",
      "geometry": {
        "type": "Polygon",
        "coordinates": [
          [
            [
              501940.0,
              9699040.0
            ],
            [
              501940.0,
              9699030.0
            ],
            [
              501950.0,
              9699030.0
            ],
            [
              501950.0,
              9699040.0
            ],
            [
              501940.0,
              9699040.0
            ]
          ]
        ]
      },
      "properties": {
        "alert_id": "DEF_2026_0009",
        "area_ha": 0.09,
        "perimeter_m": 40.0,
        "severity": "High Severity",
        "driver": "Driver 0",
        "mean_dnbr": 0.759,
        "centroid_x": 501945.0,
        "centroid_y": 9699035.0,
        "status": "Verified Alert"
      }
    },
    {
      "type": "Feature",
      "geometry": {
        "type": "Polygon",
        "coordinates": [
          [
            [
              502090.0,
              9699040.0
            ],
            [
              502090.0,
              9699030.0
            ],
            [
              502100.0,
              9699030.0
            ],
            [
              502100.0,
              9699040.0
            ],
            [
              502090.0,
              9699040.0
            ]
          ]
        ]
      },
      "properties": {
        "alert_id": "DEF_2026_0010",
        "area_ha": 0.09,
        "perimeter_m": 40.0,
        "severity": "High Severity",
        "driver": "Wildfire Scar",
        "mean_dnbr": 0.73,
        "centroid_x": 502095.0,
        "centroid_y": 9699035.0,
        "status": "Verified Alert"
      }
    },
    {
      "type": "Feature",
      "geometry": {
        "type": "Polygon",
        "coordinates": [
          [
            [
              502220.0,
              9699040.0
            ],
            [
              502220.0,
              9699030.0
            ],
            [
              502230.0,
              9699030.0
            ],
            [
              502230.0,
              9699040.0
            ],
            [
              502220.0,
              9699040.0
            ]
          ]
        ]
      },
      "properties": {
        "alert_id": "DEF_2026_0011",
        "area_ha": 0.09,
        "perimeter_m": 40.0,
        "severity": "High Severity",
        "driver": "Driver 0",
        "mean_dnbr": 0.717,
        "centroid_x": 502225.0,
        "centroid_y": 9699035.0,
        "status": "Verified Alert"
      }
    },
    {
      "type": "Feature",
      "geometry": {
        "type": "Polygon",
        "coordinates": [
          [
            [
              502240.0,
              9699040.0
            ],
            [
              502240.0,
              9699030.0
            ],
            [
              502250.0,
              9699030.0
            ],
            [
              502250.0,
              9699040.0
            ],
            [
              502240.0,
              9699040.0
            ]
          ]
        ]
      },
      "properties": {
        "alert_id": "DEF_2026_0012",
        "area_ha": 0.09,
        "perimeter_m": 40.0,
        "severity": "High Severity",
        "driver": "Driver 0",
        "mean_dnbr": 0.747,
        "centroid_x": 502245.0,
        "centroid_y": 9699035.0,
        "status": "Verified Alert"
      }
    },
    {
      "type": "Feature",
      "geometry": {
        "type": "Polygon",
        "coordinates": [
          [
            [
              501970.0,
              9699050.0
            ],
            [
              501970.0,
              9699040.0
            ],
            [
              501960.0,
              9699040.0
            ],
            [
              501960.0,
              9699020.0
            ],
            [
              501990.0,
              9699020.0
            ],
            [
              501990.0,
              9699040.0
            ],
            [
              501980.0,
              9699040.0
            ],
            [
              501980.0,
              9699050.0
            ],
            [
              501970.0,
              9699050.0
            ]
          ]
        ]
      },
      "properties": {
        "alert_id": "DEF_2026_0013",
        "area_ha": 0.63,
        "perimeter_m": 120.0,
        "severity": "High Severity",
        "driver": "Wildfire Scar",
        "mean_dnbr": 0.745,
        "centroid_x": 501975.0,
        "centroid_y": 9699032.142857,
        "status": "Verified Alert"
      }
    },
    {
      "type": "Feature",
      "geometry": {
        "type": "Polygon",
        "coordinates": [
          [
            [
              502190.0,
              9699040.0
            ],
            [
              502190.0,
              9699020.0
            ],
            [
              502200.0,
              9699020.0
            ],
            [
              502200.0,
              9699040.0
            ],
            [
              502190.0,
              9699040.0
            ]
          ]
        ]
      },
      "properties": {
        "alert_id": "DEF_2026_0014",
        "area_ha": 0.18,
        "perimeter_m": 60.0,
        "severity": "High Severity",
        "driver": "Wildfire Scar",
        "mean_dnbr": 0.73,
        "centroid_x": 502195.0,
        "centroid_y": 9699030.0,
        "status": "Verified Alert"
      }
    },
    {
      "type": "Feature",
      "geometry": {
        "type": "Polygon",
        "coordinates": [
          [
            [
              502000.0,
              9699030.0
            ],
            [
              502000.0,
              9699020.0
            ],
            [
              502010.0,
              9699020.0
            ],
            [
              502010.0,
              9699030.0
            ],
            [
              502000.0,
              9699030.0
            ]
          ]
        ]
      },
      "properties": {
        "alert_id": "DEF_2026_0015",
        "area_ha": 0.09,
        "perimeter_m": 40.0,
        "severity": "High Severity",
        "driver": "Wildfire Scar",
        "mean_dnbr": 0.73,
        "centroid_x": 502005.0,
        "centroid_y": 9699025.0,
        "status": "Verified Alert"
      }
    },
    {
      "type": "Feature",
      "geometry": {
        "type": "Polygon",
        "coordinates": [
          [
            [
              502290.0,
              9699030.0
            ],
            [
              502290.0,
              9699020.0
            ],
            [
              502300.0,
              9699020.0
            ],
            [
              502300.0,
              9699030.0
            ],
            [
              502290.0,
              9699030.0
            ]
          ]
        ]
      },
      "properties": {
        "alert_id": "DEF_2026_0016",
        "area_ha": 0.09,
        "perimeter_m": 40.0,
        "severity": "High Severity",
        "driver": "Driver 0",
        "mean_dnbr": 0.739,
        "centroid_x": 502295.0,
        "centroid_y": 9699025.0,
        "status": "Verified Alert"
      }
    },
    {
      "type": "Feature",
      "geometry": {
        "type": "Polygon",
        "coordinates": [
          [
            [
              501900.0,
              9699020.0
            ],
            [
              501900.0,
              9699010.0
            ],
            [
              501910.0,
              9699010.0
            ],
            [
              501910.0,
              9699020.0
            ],
            [
              501900.0,
              9699020.0
            ]
          ]
        ]
      },
      "properties": {
        "alert_id": "DEF_2026_0017",
        "area_ha": 0.09,
        "perimeter_m": 40.0,
        "severity": "High Severity",
        "driver": "Driver 0",
        "mean_dnbr": 0.739,
        "centroid_x": 501905.0,
        "centroid_y": 9699015.0,
        "status": "Verified Alert"
      }
    },
    {
      "type": "Feature",
      "geometry": {
        "type": "Polygon",
        "coordinates": [
          [
            [
              502030.0,
              9699020.0
            ],
            [
              502030.0,
              9699010.0
            ],
            [
              502040.0,
              9699010.0
            ],
            [
              502040.0,
              9699020.0
            ],
            [
              502030.0,
              9699020.0
            ]
          ]
        ]
      },
      "properties": {
        "alert_id": "DEF_2026_0018",
        "area_ha": 0.09,
        "perimeter_m": 40.0,
        "severity": "High Severity",
        "driver": "Wildfire Scar",
        "mean_dnbr": 0.744,
        "centroid_x": 502035.0,
        "centroid_y": 9699015.0,
        "status": "Verified Alert"
      }
    },
    {
      "type": "Feature",
      "geometry": {
        "type": "Polygon",
        "coordinates": [
          [
            [
              502250.0,
              9699020.0
            ],
            [
              502250.0,
              9699010.0
            ],
            [
              502260.0,
              9699010.0
            ],
            [
              502260.0,
              9699020.0
            ],
            [
              502250.0,
              9699020.0
            ]
          ]
        ]
      },
      "properties": {
        "alert_id": "DEF_2026_0019",
        "area_ha": 0.09,
        "perimeter_m": 40.0,
        "severity": "High Severity",
        "driver": "Driver 0",
        "mean_dnbr": 0.743,
        "centroid_x": 502255.0,
        "centroid_y": 9699015.0,
        "status": "Verified Alert"
      }
    },
    {
      "type": "Feature",
      "geometry": {
        "type": "Polygon",
        "coordinates": [
          [
            [
              502280.0,
              9699020.0
            ],
            [
              502280.0,
              9699010.0
            ],
            [
              502290.0,
              9699010.0
            ],
            [
              502290.0,
              9699020.0
            ],
            [
              502280.0,
              9699020.0
            ]
          ]
        ]
      },
      "properties": {
        "alert_id": "DEF_2026_0020",
        "area_ha": 0.09,
        "perimeter_m": 40.0,
        "severity": "High Severity",
        "driver": "Driver 0",
        "mean_dnbr": 0.724,
        "centroid_x": 502285.0,
        "centroid_y": 9699015.0,
        "status": "Verified Alert"
      }
    },
    {
      "type": "Feature",
      "geometry": {
        "type": "Polygon",
        "coordinates": [
          [
            [
              501930.0,
              9699030.0
            ],
            [
              501930.0,
              9699020.0
            ],
            [
              501920.0,
              9699020.0
            ],
            [
              501920.0,
              9699010.0
            ],
            [
              501910.0,
              9699010.0
            ],
            [
              501910.0,
              9699000.0
            ],
            [
              501930.0,
              9699000.0
            ],
            [
              501930.0,
              9699010.0
            ],
            [
              501940.0,
              9699010.0
            ],
            [
              501940.0,
              9699030.0
            ],
            [
              501930.0,
              9699030.0
            ]
          ]
        ]
      },
      "properties": {
        "alert_id": "DEF_2026_0021",
        "area_ha": 0.45,
        "perimeter_m": 120.0,
        "severity": "High Severity",
        "driver": "Driver 0",
        "mean_dnbr": 0.764,
        "centroid_x": 501927.0,
        "centroid_y": 9699013.0,
        "status": "Verified Alert"
      }
    },
    {
      "type": "Feature",
      "geometry": {
        "type": "Polygon",
        "coordinates": [
          [
            [
              501970.0,
              9699010.0
            ],
            [
              501970.0,
              9699000.0
            ],
            [
              501980.0,
              9699000.0
            ],
            [
              501980.0,
              9699010.0
            ],
            [
              501970.0,
              9699010.0
            ]
          ]
        ]
      },
      "properties": {
        "alert_id": "DEF_2026_0022",
        "area_ha": 0.09,
        "perimeter_m": 40.0,
        "severity": "High Severity",
        "driver": "Wildfire Scar",
        "mean_dnbr": 0.736,
        "centroid_x": 501975.0,
        "centroid_y": 9699005.0,
        "status": "Verified Alert"
      }
    },
    {
      "type": "Feature",
      "geometry": {
        "type": "Polygon",
        "coordinates": [
          [
            [
              501890.0,
              9699000.0
            ],
            [
              501890.0,
              9698990.0
            ],
            [
              501900.0,
              9698990.0
            ],
            [
              501900.0,
              9699000.0
            ],
            [
              501890.0,
              9699000.0
            ]
          ]
        ]
      },
      "properties": {
        "alert_id": "DEF_2026_0023",
        "area_ha": 0.09,
        "perimeter_m": 40.0,
        "severity": "High Severity",
        "driver": "Wildfire Scar",
        "mean_dnbr": 0.79,
        "centroid_x": 501895.0,
        "centroid_y": 9698995.0,
        "status": "Verified Alert"
      }
    },
    {
      "type": "Feature",
      "geometry": {
        "type": "Polygon",
        "coordinates": [
          [
            [
              501950.0,
              9699020.0
            ],
            [
              501950.0,
              9699000.0
            ],
            [
              501940.0,
              9699000.0
            ],
            [
              501940.0,
              9698990.0
            ],
            [
              501970.0,
              9698990.0
            ],
            [
              501970.0,
              9699000.0
            ],
            [
              501960.0,
              9699000.0
            ],
            [
              501960.0,
              9699020.0
            ],
            [
              501950.0,
              9699020.0
            ]
          ]
        ]
      },
      "properties": {
        "alert_id": "DEF_2026_0024",
        "area_ha": 0.45,
        "perimeter_m": 120.0,
        "severity": "High Severity",
        "driver": "Wildfire Scar",
        "mean_dnbr": 0.755,
        "centroid_x": 501955.0,
        "centroid_y": 9699001.0,
        "status": "Verified Alert"
      }
    },
    {
      "type": "Feature",
      "geometry": {
        "type": "Polygon",
        "coordinates": [
          [
            [
              502290.0,
              9698990.0
            ],
            [
              502290.0,
              9698970.0
            ],
            [
              502300.0,
              9698970.0
            ],
            [
              502300.0,
              9698980.0
            ],
            [
              502320.0,
              9698980.0
            ],
            [
              502320.0,
              9698990.0
            ],
            [
              502290.0,
              9698990.0
            ]
          ]
        ]
      },
      "properties": {
        "alert_id": "DEF_2026_0025",
        "area_ha": 0.36,
        "perimeter_m": 100.0,
        "severity": "High Severity",
        "driver": "Wildfire Scar",
        "mean_dnbr": 0.738,
        "centroid_x": 502302.5,
        "centroid_y": 9698982.5,
        "status": "Verified Alert"
      }
    },
    {
      "type": "Feature",
      "geometry": {
        "type": "Polygon",
        "coordinates": [
          [
            [
              501900.0,
              9698990.0
            ],
            [
              501900.0,
              9698970.0
            ],
            [
              501910.0,
              9698970.0
            ],
            [
              501910.0,
              9698960.0
            ],
            [
              501940.0,
              9698960.0
            ],
            [
              501940.0,
              9698970.0
            ],
            [
              501950.0,
              9698970.0
            ],
            [
              501950.0,
              9698980.0
            ],
            [
              501930.0,
              9698980.0
            ],
            [
              501930.0,
              9698970.0
            ],
            [
              501920.0,
              9698970.0
            ],
            [
              501920.0,
              9698980.0
            ],
            [
              501910.0,
              9698980.0
            ],
            [
              501910.0,
              9698990.0
            ],
            [
              501900.0,
              9698990.0
            ]
          ]
        ]
      },
      "properties": {
        "alert_id": "DEF_2026_0026",
        "area_ha": 0.72,
        "perimeter_m": 180.0,
        "severity": "High Severity",
        "driver": "Wildfire Scar",
        "mean_dnbr": 0.766,
        "centroid_x": 501922.5,
        "centroid_y": 9698972.5,
        "status": "Verified Alert"
      }
    },
    {
      "type": "Feature",
      "geometry": {
        "type": "Polygon",
        "coordinates": [
          [
            [
              501860.0,
              9698970.0
            ],
            [
              501860.0,
              9698960.0
            ],
            [
              501870.0,
              9698960.0
            ],
            [
              501870.0,
              9698970.0
            ],
            [
              501860.0,
              9698970.0
            ]
          ]
        ]
      },
      "properties": {
        "alert_id": "DEF_2026_0027",
        "area_ha": 0.09,
        "perimeter_m": 40.0,
        "severity": "High Severity",
        "driver": "Driver 0",
        "mean_dnbr": 0.788,
        "centroid_x": 501865.0,
        "centroid_y": 9698965.0,
        "status": "Verified Alert"
      }
    },
    {
      "type": "Feature",
      "geometry": {
        "type": "Polygon",
        "coordinates": [
          [
            [
              502340.0,
              9698970.0
            ],
            [
              502340.0,
              9698960.0
            ],
            [
              502350.0,
              9698960.0
            ],
            [
              502350.0,
              9698970.0
            ],
            [
              502340.0,
              9698970.0
            ]
          ]
        ]
      },
      "properties": {
        "alert_id": "DEF_2026_0028",
        "area_ha": 0.09,
        "perimeter_m": 40.0,
        "severity": "High Severity",
        "driver": "Driver 0",
        "mean_dnbr": 0.728,
        "centroid_x": 502345.0,
        "centroid_y": 9698965.0,
        "status": "Verified Alert"
      }
    },
    {
      "type": "Feature",
      "geometry": {
        "type": "Polygon",
        "coordinates": [
          [
            [
              501880.0,
              9698960.0
            ],
            [
              501880.0,
              9698950.0
            ],
            [
              501900.0,
              9698950.0
            ],
            [
              501900.0,
              9698960.0
            ],
            [
              501880.0,
              9698960.0
            ]
          ]
        ]
      },
      "properties": {
        "alert_id": "DEF_2026_0029",
        "area_ha": 0.18,
        "perimeter_m": 60.0,
        "severity": "High Severity",
        "driver": "Wildfire Scar",
        "mean_dnbr": 0.78,
        "centroid_x": 501890.0,
        "centroid_y": 9698955.0,
        "status": "Verified Alert"
      }
    },
    {
      "type": "Feature",
      "geometry": {
        "type": "Polygon",
        "coordinates": [
          [
            [
              502370.0,
              9698970.0
            ],
            [
              502370.0,
              9698960.0
            ],
            [
              502350.0,
              9698960.0
            ],
            [
              502350.0,
              9698950.0
            ],
            [
              502380.0,
              9698950.0
            ],
            [
              502380.0,
              9698970.0
            ],
            [
              502370.0,
              9698970.0
            ]
          ]
        ]
      },
      "properties": {
        "alert_id": "DEF_2026_0030",
        "area_ha": 0.36,
        "perimeter_m": 100.0,
        "severity": "High Severity",
        "driver": "Driver 0",
        "mean_dnbr": 0.729,
        "centroid_x": 502367.5,
        "centroid_y": 9698957.5,
        "status": "Verified Alert"
      }
    },
    {
      "type": "Feature",
      "geometry": {
        "type": "Polygon",
        "coordinates": [
          [
            [
              501840.0,
              9698980.0
            ],
            [
              501840.0,
              9698950.0
            ],
            [
              501850.0,
              9698950.0
            ],
            [
              501850.0,
              9698940.0
            ],
            [
              501860.0,
              9698940.0
            ],
            [
              501860.0,
              9698960.0
            ],
            [
              501850.0,
              9698960.0
            ],
            [
              501850.0,
              9698980.0
            ],
            [
              501840.0,
              9698980.0
            ]
          ]
        ]
      },
      "properties": {
        "alert_id": "DEF_2026_0031",
        "area_ha": 0.45,
        "perimeter_m": 120.0,
        "severity": "High Severity",
        "driver": "Driver 0",
        "mean_dnbr": 0.785,
        "centroid_x": 501849.0,
        "centroid_y": 9698959.0,
        "status": "Verified Alert"
      }
    },
    {
      "type": "Feature",
      "geometry": {
        "type": "Polygon",
        "coordinates": [
          [
            [
              502340.0,
              9698950.0
            ],
            [
              502340.0,
              9698940.0
            ],
            [
              502350.0,
              9698940.0
            ],
            [
              502350.0,
              9698950.0
            ],
            [
              502340.0,
              9698950.0
            ]
          ]
        ]
      },
      "properties": {
        "alert_id": "DEF_2026_0032",
        "area_ha": 0.09,
        "perimeter_m": 40.0,
        "severity": "High Severity",
        "driver": "Driver 0",
        "mean_dnbr": 0.713,
        "centroid_x": 502345.0,
        "centroid_y": 9698945.0,
        "status": "Verified Alert"
      }
    },
    {
      "type": "Feature",
      "geometry": {
        "type": "Polygon",
        "coordinates": [
          [
            [
              502350.0,
              9698940.0
            ],
            [
              502350.0,
              9698930.0
            ],
            [
              502360.0,
              9698930.0
            ],
            [
              502360.0,
              9698920.0
            ],
            [
              502370.0,
              9698920.0
            ],
            [
              502370.0,
              9698940.0
            ],
            [
              502350.0,
              9698940.0
            ]
          ]
        ]
      },
      "properties": {
        "alert_id": "DEF_2026_0033",
        "area_ha": 0.27,
        "perimeter_m": 80.0,
        "severity": "High Severity",
        "driver": "Driver 0",
        "mean_dnbr": 0.74,
        "centroid_x": 502361.666667,
        "centroid_y": 9698931.666667,
        "status": "Verified Alert"
      }
    },
    {
      "type": "Feature",
      "geometry": {
        "type": "Polygon",
        "coordinates": [
          [
            [
              501800.0,
              9698930.0
            ],
            [
              501800.0,
              9698920.0
            ],
            [
              501810.0,
              9698920.0
            ],
            [
              501810.0,
              9698930.0
            ],
            [
              501800.0,
              9698930.0
            ]
          ]
        ]
      },
      "properties": {
        "alert_id": "DEF_2026_0034",
        "area_ha": 0.09,
        "perimeter_m": 40.0,
        "severity": "High Severity",
        "driver": "Driver 0",
        "mean_dnbr": 0.754,
        "centroid_x": 501805.0,
        "centroid_y": 9698925.0,
        "status": "Verified Alert"
      }
    },
    {
      "type": "Feature",
      "geometry": {
        "type": "Polygon",
        "coordinates": [
          [
            [
              501830.0,
              9698940.0
            ],
            [
              501830.0,
              9698930.0
            ],
            [
              501820.0,
              9698930.0
            ],
            [
              501820.0,
              9698920.0
            ],
            [
              501840.0,
              9698920.0
            ],
            [
              501840.0,
              9698940.0
            ],
            [
              501830.0,
              9698940.0
            ]
          ]
        ]
      },
      "properties": {
        "alert_id": "DEF_2026_0035",
        "area_ha": 0.27,
        "perimeter_m": 80.0,
        "severity": "High Severity",
        "driver": "Driver 0",
        "mean_dnbr": 0.782,
        "centroid_x": 501831.666667,
        "centroid_y": 9698928.333333,
        "status": "Verified Alert"
      }
    },
    {
      "type": "Feature",
      "geometry": {
        "type": "Polygon",
        "coordinates": [
          [
            [
              502380.0,
              9698920.0
            ],
            [
              502380.0,
              9698910.0
            ],
            [
              502390.0,
              9698910.0
            ],
            [
              502390.0,
              9698920.0
            ],
            [
              502380.0,
              9698920.0
            ]
          ]
        ]
      },
      "properties": {
        "alert_id": "DEF_2026_0036",
        "area_ha": 0.09,
        "perimeter_m": 40.0,
        "severity": "High Severity",
        "driver": "Wildfire Scar",
        "mean_dnbr": 0.75,
        "centroid_x": 502385.0,
        "centroid_y": 9698915.0,
        "status": "Verified Alert"
      }
    },
    {
      "type": "Feature",
      "geometry": {
        "type": "Polygon",
        "coordinates": [
          [
            [
              502390.0,
              9698910.0
            ],
            [
              502390.0,
              9698900.0
            ],
            [
              502400.0,
              9698900.0
            ],
            [
              502400.0,
              9698910.0
            ],
            [
              502390.0,
              9698910.0
            ]
          ]
        ]
      },
      "properties": {
        "alert_id": "DEF_2026_0037",
        "area_ha": 0.09,
        "perimeter_m": 40.0,
        "severity": "High Severity",
        "driver": "Wildfire Scar",
        "mean_dnbr": 0.723,
        "centroid_x": 502395.0,
        "centroid_y": 9698905.0,
        "status": "Verified Alert"
      }
    },
    {
      "type": "Feature",
      "geometry": {
        "type": "Polygon",
        "coordinates": [
          [
            [
              502370.0,
              9698910.0
            ],
            [
              502370.0,
              9698890.0
            ],
            [
              502380.0,
              9698890.0
            ],
            [
              502380.0,
              9698910.0
            ],
            [
              502370.0,
              9698910.0
            ]
          ]
        ]
      },
      "properties": {
        "alert_id": "DEF_2026_0038",
        "area_ha": 0.18,
        "perimeter_m": 60.0,
        "severity": "High Severity",
        "driver": "Wildfire Scar",
        "mean_dnbr": 0.733,
        "centroid_x": 502375.0,
        "centroid_y": 9698900.0,
        "status": "Verified Alert"
      }
    },
    {
      "type": "Feature",
      "geometry": {
        "type": "Polygon",
        "coordinates": [
          [
            [
              502430.0,
              9698900.0
            ],
            [
              502430.0,
              9698890.0
            ],
            [
              502440.0,
              9698890.0
            ],
            [
              502440.0,
              9698900.0
            ],
            [
              502430.0,
              9698900.0
            ]
          ]
        ]
      },
      "properties": {
        "alert_id": "DEF_2026_0039",
        "area_ha": 0.09,
        "perimeter_m": 40.0,
        "severity": "High Severity",
        "driver": "Driver 0",
        "mean_dnbr": 0.727,
        "centroid_x": 502435.0,
        "centroid_y": 9698895.0,
        "status": "Verified Alert"
      }
    },
    {
      "type": "Feature",
      "geometry": {
        "type": "Polygon",
        "coordinates": [
          [
            [
              501780.0,
              9698890.0
            ],
            [
              501780.0,
              9698880.0
            ],
            [
              501790.0,
              9698880.0
            ],
            [
              501790.0,
              9698890.0
            ],
            [
              501780.0,
              9698890.0
            ]
          ]
        ]
      },
      "properties": {
        "alert_id": "DEF_2026_0040",
        "area_ha": 0.09,
        "perimeter_m": 40.0,
        "severity": "High Severity",
        "driver": "Driver 0",
        "mean_dnbr": 0.79,
        "centroid_x": 501785.0,
        "centroid_y": 9698885.0,
        "status": "Verified Alert"
      }
    },
    {
      "type": "Feature",
      "geometry": {
        "type": "Polygon",
        "coordinates": [
          [
            [
              502380.0,
              9698890.0
            ],
            [
              502380.0,
              9698880.0
            ],
            [
              502390.0,
              9698880.0
            ],
            [
              502390.0,
              9698890.0
            ],
            [
              502380.0,
              9698890.0
            ]
          ]
        ]
      },
      "properties": {
        "alert_id": "DEF_2026_0041",
        "area_ha": 0.09,
        "perimeter_m": 40.0,
        "severity": "High Severity",
        "driver": "Wildfire Scar",
        "mean_dnbr": 0.712,
        "centroid_x": 502385.0,
        "centroid_y": 9698885.0,
        "status": "Verified Alert"
      }
    },
    {
      "type": "Feature",
      "geometry": {
        "type": "Polygon",
        "coordinates": [
          [
            [
              502400.0,
              9698890.0
            ],
            [
              502400.0,
              9698880.0
            ],
            [
              502410.0,
              9698880.0
            ],
            [
              502410.0,
              9698890.0
            ],
            [
              502400.0,
              9698890.0
            ]
          ]
        ]
      },
      "properties": {
        "alert_id": "DEF_2026_0042",
        "area_ha": 0.09,
        "perimeter_m": 40.0,
        "severity": "High Severity",
        "driver": "Wildfire Scar",
        "mean_dnbr": 0.737,
        "centroid_x": 502405.0,
        "centroid_y": 9698885.0,
        "status": "Verified Alert"
      }
    },
    {
      "type": "Feature",
      "geometry": {
        "type": "Polygon",
        "coordinates": [
          [
            [
              502390.0,
              9698880.0
            ],
            [
              502390.0,
              9698870.0
            ],
            [
              502400.0,
              9698870.0
            ],
            [
              502400.0,
              9698880.0
            ],
            [
              502390.0,
              9698880.0
            ]
          ]
        ]
      },
      "properties": {
        "alert_id": "DEF_2026_0043",
        "area_ha": 0.09,
        "perimeter_m": 40.0,
        "severity": "High Severity",
        "driver": "Wildfire Scar",
        "mean_dnbr": 0.719,
        "centroid_x": 502395.0,
        "centroid_y": 9698875.0,
        "status": "Verified Alert"
      }
    },
    {
      "type": "Feature",
      "geometry": {
        "type": "Polygon",
        "coordinates": [
          [
            [
              502410.0,
              9698880.0
            ],
            [
              502410.0,
              9698870.0
            ],
            [
              502420.0,
              9698870.0
            ],
            [
              502420.0,
              9698880.0
            ],
            [
              502410.0,
              9698880.0
            ]
          ]
        ]
      },
      "properties": {
        "alert_id": "DEF_2026_0044",
        "area_ha": 0.09,
        "perimeter_m": 40.0,
        "severity": "High Severity",
        "driver": "Wildfire Scar",
        "mean_dnbr": 0.744,
        "centroid_x": 502415.0,
        "centroid_y": 9698875.0,
        "status": "Verified Alert"
      }
    },
    {
      "type": "Feature",
      "geometry": {
        "type": "Polygon",
        "coordinates": [
          [
            [
              501790.0,
              9698870.0
            ],
            [
              501790.0,
              9698860.0
            ],
            [
              501800.0,
              9698860.0
            ],
            [
              501800.0,
              9698870.0
            ],
            [
              501790.0,
              9698870.0
            ]
          ]
        ]
      },
      "properties": {
        "alert_id": "DEF_2026_0045",
        "area_ha": 0.09,
        "perimeter_m": 40.0,
        "severity": "High Severity",
        "driver": "Driver 0",
        "mean_dnbr": 0.772,
        "centroid_x": 501795.0,
        "centroid_y": 9698865.0,
        "status": "Verified Alert"
      }
    },
    {
      "type": "Feature",
      "geometry": {
        "type": "Polygon",
        "coordinates": [
          [
            [
              501820.0,
              9698870.0
            ],
            [
              501820.0,
              9698860.0
            ],
            [
              501830.0,
              9698860.0
            ],
            [
              501830.0,
              9698870.0
            ],
            [
              501820.0,
              9698870.0
            ]
          ]
        ]
      },
      "properties": {
        "alert_id": "DEF_2026_0046",
        "area_ha": 0.09,
        "perimeter_m": 40.0,
        "severity": "High Severity",
        "driver": "Wildfire Scar",
        "mean_dnbr": 0.789,
        "centroid_x": 501825.0,
        "centroid_y": 9698865.0,
        "status": "Verified Alert"
      }
    },
    {
      "type": "Feature",
      "geometry": {
        "type": "Polygon",
        "coordinates": [
          [
            [
              502450.0,
              9698850.0
            ],
            [
              502450.0,
              9698840.0
            ],
            [
              502460.0,
              9698840.0
            ],
            [
              502460.0,
              9698850.0
            ],
            [
              502450.0,
              9698850.0
            ]
          ]
        ]
      },
      "properties": {
        "alert_id": "DEF_2026_0047",
        "area_ha": 0.09,
        "perimeter_m": 40.0,
        "severity": "High Severity",
        "driver": "Driver 0",
        "mean_dnbr": 0.726,
        "centroid_x": 502455.0,
        "centroid_y": 9698845.0,
        "status": "Verified Alert"
      }
    },
    {
      "type": "Feature",
      "geometry": {
        "type": "Polygon",
        "coordinates": [
          [
            [
              502430.0,
              9698840.0
            ],
            [
              502430.0,
              9698830.0
            ],
            [
              502440.0,
              9698830.0
            ],
            [
              502440.0,
              9698840.0
            ],
            [
              502430.0,
              9698840.0
            ]
          ]
        ]
      },
      "properties": {
        "alert_id": "DEF_2026_0048",
        "area_ha": 0.09,
        "perimeter_m": 40.0,
        "severity": "High Severity",
        "driver": "Driver 0",
        "mean_dnbr": 0.711,
        "centroid_x": 502435.0,
        "centroid_y": 9698835.0,
        "status": "Verified Alert"
      }
    },
    {
      "type": "Feature",
      "geometry": {
        "type": "Polygon",
        "coordinates": [
          [
            [
              502430.0,
              9698820.0
            ],
            [
              502430.0,
              9698810.0
            ],
            [
              502440.0,
              9698810.0
            ],
            [
              502440.0,
              9698820.0
            ],
            [
              502430.0,
              9698820.0
            ]
          ]
        ]
      },
      "properties": {
        "alert_id": "DEF_2026_0049",
        "area_ha": 0.09,
        "perimeter_m": 40.0,
        "severity": "High Severity",
        "driver": "Wildfire Scar",
        "mean_dnbr": 0.733,
        "centroid_x": 502435.0,
        "centroid_y": 9698815.0,
        "status": "Verified Alert"
      }
    },
    {
      "type": "Feature",
      "geometry": {
        "type": "Polygon",
        "coordinates": [
          [
            [
              501770.0,
              9698810.0
            ],
            [
              501770.0,
              9698800.0
            ],
            [
              501780.0,
              9698800.0
            ],
            [
              501780.0,
              9698810.0
            ],
            [
              501770.0,
              9698810.0
            ]
          ]
        ]
      },
      "properties": {
        "alert_id": "DEF_2026_0050",
        "area_ha": 0.09,
        "perimeter_m": 40.0,
        "severity": "High Severity",
        "driver": "Wildfire Scar",
        "mean_dnbr": 0.768,
        "centroid_x": 501775.0,
        "centroid_y": 9698805.0,
        "status": "Verified Alert"
      }
    },
    {
      "type": "Feature",
      "geometry": {
        "type": "Polygon",
        "coordinates": [
          [
            [
              501770.0,
              9698850.0
            ],
            [
              501770.0,
              9698840.0
            ],
            [
              501790.0,
              9698840.0
            ],
            [
              501790.0,
              9698830.0
            ],
            [
              501780.0,
              9698830.0
            ],
            [
              501780.0,
              9698820.0
            ],
            [
              501800.0,
              9698820.0
            ],
            [
              501800.0,
              9698810.0
            ],
            [
              501790.0,
              9698810.0
            ],
            [
              501790.0,
              9698800.0
            ],
            [
              501800.0,
              9698800.0
            ],
            [
              501800.0,
              9698790.0
            ],
            [
              501810.0,
              9698790.0
            ],
            [
              501810.0,
              9698830.0
            ],
            [
              501800.0,
              9698830.0
            ],
            [
              501800.0,
              9698850.0
            ],
            [
              501770.0,
              9698850.0
            ]
          ]
        ]
      },
      "properties": {
        "alert_id": "DEF_2026_0051",
        "area_ha": 0.99,
        "perimeter_m": 240.0,
        "severity": "High Severity",
        "driver": "Wildfire Scar",
        "mean_dnbr": 0.772,
        "centroid_x": 501795.0,
        "centroid_y": 9698824.090909,
        "status": "Verified Alert"
      }
    },
    {
      "type": "Feature",
      "geometry": {
        "type": "Polygon",
        "coordinates": [
          [
            [
              501780.0,
              9698800.0
            ],
            [
              501780.0,
              9698790.0
            ],
            [
              501790.0,
              9698790.0
            ],
            [
              501790.0,
              9698800.0
            ],
            [
              501780.0,
              9698800.0
            ]
          ]
        ]
      },
      "properties": {
        "alert_id": "DEF_2026_0052",
        "area_ha": 0.09,
        "perimeter_m": 40.0,
        "severity": "High Severity",
        "driver": "Wildfire Scar",
        "mean_dnbr": 0.763,
        "centroid_x": 501785.0,
        "centroid_y": 9698795.0,
        "status": "Verified Alert"
      }
    },
    {
      "type": "Feature",
      "geometry": {
        "type": "Polygon",
        "coordinates": [
          [
            [
              501760.0,
              9698790.0
            ],
            [
              501760.0,
              9698780.0
            ],
            [
              501770.0,
              9698780.0
            ],
            [
              501770.0,
              9698790.0
            ],
            [
              501760.0,
              9698790.0
            ]
          ]
        ]
      },
      "properties": {
        "alert_id": "DEF_2026_0053",
        "area_ha": 0.09,
        "perimeter_m": 40.0,
        "severity": "High Severity",
        "driver": "Driver 0",
        "mean_dnbr": 0.777,
        "centroid_x": 501765.0,
        "centroid_y": 9698785.0,
        "status": "Verified Alert"
      }
    },
    {
      "type": "Feature",
      "geometry": {
        "type": "Polygon",
        "coordinates": [
          [
            [
              502430.0,
              9698800.0
            ],
            [
              502430.0,
              9698790.0
            ],
            [
              502400.0,
              9698790.0
            ],
            [
              502400.0,
              9698770.0
            ],
            [
              502430.0,
              9698770.0
            ],
            [
              502430.0,
              9698780.0
            ],
            [
              502440.0,
              9698780.0
            ],
            [
              502440.0,
              9698800.0
            ],
            [
              502430.0,
              9698800.0
            ]
          ]
        ]
      },
      "properties": {
        "alert_id": "DEF_2026_0054",
        "area_ha": 0.72,
        "perimeter_m": 140.0,
        "severity": "High Severity",
        "driver": "Wildfire Scar",
        "mean_dnbr": 0.729,
        "centroid_x": 502420.0,
        "centroid_y": 9698782.5,
        "status": "Verified Alert"
      }
    },
    {
      "type": "Feature",
      "geometry": {
        "type": "Polygon",
        "coordinates": [
          [
            [
              502440.0,
              9698770.0
            ],
            [
              502440.0,
              9698760.0
            ],
            [
              502450.0,
              9698760.0
            ],
            [
              502450.0,
              9698770.0
            ],
            [
              502440.0,
              9698770.0
            ]
          ]
        ]
      },
      "properties": {
        "alert_id": "DEF_2026_0055",
        "area_ha": 0.09,
        "perimeter_m": 40.0,
        "severity": "High Severity",
        "driver": "Driver 0",
        "mean_dnbr": 0.707,
        "centroid_x": 502445.0,
        "centroid_y": 9698765.0,
        "status": "Verified Alert"
      }
    },
    {
      "type": "Feature",
      "geometry": {
        "type": "Polygon",
        "coordinates": [
          [
            [
              502460.0,
              9698770.0
            ],
            [
              502460.0,
              9698760.0
            ],
            [
              502470.0,
              9698760.0
            ],
            [
              502470.0,
              9698770.0
            ],
            [
              502460.0,
              9698770.0
            ]
          ]
        ]
      },
      "properties": {
        "alert_id": "DEF_2026_0056",
        "area_ha": 0.09,
        "perimeter_m": 40.0,
        "severity": "High Severity",
        "driver": "Driver 0",
        "mean_dnbr": 0.702,
        "centroid_x": 502465.0,
        "centroid_y": 9698765.0,
        "status": "Verified Alert"
      }
    },
    {
      "type": "Feature",
      "geometry": {
        "type": "Polygon",
        "coordinates": [
          [
            [
              502440.0,
              9698750.0
            ],
            [
              502440.0,
              9698740.0
            ],
            [
              502450.0,
              9698740.0
            ],
            [
              502450.0,
              9698750.0
            ],
            [
              502440.0,
              9698750.0
            ]
          ]
        ]
      },
      "properties": {
        "alert_id": "DEF_2026_0057",
        "area_ha": 0.09,
        "perimeter_m": 40.0,
        "severity": "High Severity",
        "driver": "Driver 0",
        "mean_dnbr": 0.733,
        "centroid_x": 502445.0,
        "centroid_y": 9698745.0,
        "status": "Verified Alert"
      }
    },
    {
      "type": "Feature",
      "geometry": {
        "type": "Polygon",
        "coordinates": [
          [
            [
              501790.0,
              9698770.0
            ],
            [
              501790.0,
              9698740.0
            ],
            [
              501780.0,
              9698740.0
            ],
            [
              501780.0,
              9698760.0
            ],
            [
              501770.0,
              9698760.0
            ],
            [
              501770.0,
              9698750.0
            ],
            [
              501760.0,
              9698750.0
            ],
            [
              501760.0,
              9698740.0
            ],
            [
              501770.0,
              9698740.0
            ],
            [
              501770.0,
              9698730.0
            ],
            [
              501800.0,
              9698730.0
            ],
            [
              501800.0,
              9698740.0
            ],
            [
              501810.0,
              9698740.0
            ],
            [
              501810.0,
              9698750.0
            ],
            [
              501800.0,
              9698750.0
            ],
            [
              501800.0,
              9698770.0
            ],
            [
              501790.0,
              9698770.0
            ]
          ]
        ]
      },
      "properties": {
        "alert_id": "DEF_2026_0058",
        "area_ha": 0.9,
        "perimeter_m": 220.0,
        "severity": "High Severity",
        "driver": "Wildfire Scar",
        "mean_dnbr": 0.759,
        "centroid_x": 501786.0,
        "centroid_y": 9698746.0,
        "status": "Verified Alert"
      }
    },
    {
      "type": "Feature",
      "geometry": {
        "type": "Polygon",
        "coordinates": [
          [
            [
              502430.0,
              9698740.0
            ],
            [
              502430.0,
              9698730.0
            ],
            [
              502440.0,
              9698730.0
            ],
            [
              502440.0,
              9698740.0
            ],
            [
              502430.0,
              9698740.0
            ]
          ]
        ]
      },
      "properties": {
        "alert_id": "DEF_2026_0059",
        "area_ha": 0.09,
        "perimeter_m": 40.0,
        "severity": "High Severity",
        "driver": "Driver 0",
        "mean_dnbr": 0.718,
        "centroid_x": 502435.0,
        "centroid_y": 9698735.0,
        "status": "Verified Alert"
      }
    },
    {
      "type": "Feature",
      "geometry": {
        "type": "Polygon",
        "coordinates": [
          [
            [
              502450.0,
              9698740.0
            ],
            [
              502450.0,
              9698730.0
            ],
            [
              502460.0,
              9698730.0
            ],
            [
              502460.0,
              9698740.0
            ],
            [
              502450.0,
              9698740.0
            ]
          ]
        ]
      },
      "properties": {
        "alert_id": "DEF_2026_0060",
        "area_ha": 0.09,
        "perimeter_m": 40.0,
        "severity": "High Severity",
        "driver": "Driver 0",
        "mean_dnbr": 0.683,
        "centroid_x": 502455.0,
        "centroid_y": 9698735.0,
        "status": "Verified Alert"
      }
    },
    {
      "type": "Feature",
      "geometry": {
        "type": "Polygon",
        "coordinates": [
          [
            [
              502440.0,
              9698730.0
            ],
            [
              502440.0,
              9698720.0
            ],
            [
              502450.0,
              9698720.0
            ],
            [
              502450.0,
              9698730.0
            ],
            [
              502440.0,
              9698730.0
            ]
          ]
        ]
      },
      "properties": {
        "alert_id": "DEF_2026_0061",
        "area_ha": 0.09,
        "perimeter_m": 40.0,
        "severity": "High Severity",
        "driver": "Driver 0",
        "mean_dnbr": 0.733,
        "centroid_x": 502445.0,
        "centroid_y": 9698725.0,
        "status": "Verified Alert"
      }
    },
    {
      "type": "Feature",
      "geometry": {
        "type": "Polygon",
        "coordinates": [
          [
            [
              501770.0,
              9698720.0
            ],
            [
              501770.0,
              9698710.0
            ],
            [
              501780.0,
              9698710.0
            ],
            [
              501780.0,
              9698720.0
            ],
            [
              501770.0,
              9698720.0
            ]
          ]
        ]
      },
      "properties": {
        "alert_id": "DEF_2026_0062",
        "area_ha": 0.09,
        "perimeter_m": 40.0,
        "severity": "High Severity",
        "driver": "Driver 0",
        "mean_dnbr": 0.739,
        "centroid_x": 501775.0,
        "centroid_y": 9698715.0,
        "status": "Verified Alert"
      }
    },
    {
      "type": "Feature",
      "geometry": {
        "type": "Polygon",
        "coordinates": [
          [
            [
              502450.0,
              9698720.0
            ],
            [
              502450.0,
              9698710.0
            ],
            [
              502460.0,
              9698710.0
            ],
            [
              502460.0,
              9698720.0
            ],
            [
              502450.0,
              9698720.0
            ]
          ]
        ]
      },
      "properties": {
        "alert_id": "DEF_2026_0063",
        "area_ha": 0.09,
        "perimeter_m": 40.0,
        "severity": "High Severity",
        "driver": "Driver 0",
        "mean_dnbr": 0.725,
        "centroid_x": 502455.0,
        "centroid_y": 9698715.0,
        "status": "Verified Alert"
      }
    },
    {
      "type": "Feature",
      "geometry": {
        "type": "Polygon",
        "coordinates": [
          [
            [
              501770.0,
              9698700.0
            ],
            [
              501770.0,
              9698680.0
            ],
            [
              501780.0,
              9698680.0
            ],
            [
              501780.0,
              9698670.0
            ],
            [
              501790.0,
              9698670.0
            ],
            [
              501790.0,
              9698690.0
            ],
            [
              501780.0,
              9698690.0
            ],
            [
              501780.0,
              9698700.0
            ],
            [
              501770.0,
              9698700.0
            ]
          ]
        ]
      },
      "properties": {
        "alert_id": "DEF_2026_0064",
        "area_ha": 0.36,
        "perimeter_m": 100.0,
        "severity": "High Severity",
        "driver": "Driver 0",
        "mean_dnbr": 0.739,
        "centroid_x": 501780.0,
        "centroid_y": 9698685.0,
        "status": "Verified Alert"
      }
    },
    {
      "type": "Feature",
      "geometry": {
        "type": "Polygon",
        "coordinates": [
          [
            [
              501760.0,
              9698680.0
            ],
            [
              501760.0,
              9698660.0
            ],
            [
              501780.0,
              9698660.0
            ],
            [
              501780.0,
              9698670.0
            ],
            [
              501770.0,
              9698670.0
            ],
            [
              501770.0,
              9698680.0
            ],
            [
              501760.0,
              9698680.0
            ]
          ]
        ]
      },
      "properties": {
        "alert_id": "DEF_2026_0065",
        "area_ha": 0.27,
        "perimeter_m": 80.0,
        "severity": "High Severity",
        "driver": "Driver 0",
        "mean_dnbr": 0.747,
        "centroid_x": 501768.333333,
        "centroid_y": 9698668.333333,
        "status": "Verified Alert"
      }
    },
    {
      "type": "Feature",
      "geometry": {
        "type": "Polygon",
        "coordinates": [
          [
            [
              501800.0,
              9698670.0
            ],
            [
              501800.0,
              9698660.0
            ],
            [
              501810.0,
              9698660.0
            ],
            [
              501810.0,
              9698670.0
            ],
            [
              501800.0,
              9698670.0
            ]
          ]
        ]
      },
      "properties": {
        "alert_id": "DEF_2026_0066",
        "area_ha": 0.09,
        "perimeter_m": 40.0,
        "severity": "High Severity",
        "driver": "Wildfire Scar",
        "mean_dnbr": 0.762,
        "centroid_x": 501805.0,
        "centroid_y": 9698665.0,
        "status": "Verified Alert"
      }
    },
    {
      "type": "Feature",
      "geometry": {
        "type": "Polygon",
        "coordinates": [
          [
            [
              502410.0,
              9698670.0
            ],
            [
              502410.0,
              9698650.0
            ],
            [
              502420.0,
              9698650.0
            ],
            [
              502420.0,
              9698670.0
            ],
            [
              502410.0,
              9698670.0
            ]
          ]
        ]
      },
      "properties": {
        "alert_id": "DEF_2026_0067",
        "area_ha": 0.18,
        "perimeter_m": 60.0,
        "severity": "High Severity",
        "driver": "Driver 0",
        "mean_dnbr": 0.735,
        "centroid_x": 502415.0,
        "centroid_y": 9698660.0,
        "status": "Verified Alert"
      }
    },
    {
      "type": "Feature",
      "geometry": {
        "type": "Polygon",
        "coordinates": [
          [
            [
              502440.0,
              9698640.0
            ],
            [
              502440.0,
              9698630.0
            ],
            [
              502450.0,
              9698630.0
            ],
            [
              502450.0,
              9698640.0
            ],
            [
              502440.0,
              9698640.0
            ]
          ]
        ]
      },
      "properties": {
        "alert_id": "DEF_2026_0068",
        "area_ha": 0.09,
        "perimeter_m": 40.0,
        "severity": "High Severity",
        "driver": "Driver 0",
        "mean_dnbr": 0.733,
        "centroid_x": 502445.0,
        "centroid_y": 9698635.0,
        "status": "Verified Alert"
      }
    },
    {
      "type": "Feature",
      "geometry": {
        "type": "Polygon",
        "coordinates": [
          [
            [
              502420.0,
              9698630.0
            ],
            [
              502420.0,
              9698620.0
            ],
            [
              502430.0,
              9698620.0
            ],
            [
              502430.0,
              9698630.0
            ],
            [
              502420.0,
              9698630.0
            ]
          ]
        ]
      },
      "properties": {
        "alert_id": "DEF_2026_0069",
        "area_ha": 0.09,
        "perimeter_m": 40.0,
        "severity": "High Severity",
        "driver": "Driver 0",
        "mean_dnbr": 0.71,
        "centroid_x": 502425.0,
        "centroid_y": 9698625.0,
        "status": "Verified Alert"
      }
    },
    {
      "type": "Feature",
      "geometry": {
        "type": "Polygon",
        "coordinates": [
          [
            [
              501800.0,
              9698610.0
            ],
            [
              501800.0,
              9698600.0
            ],
            [
              501810.0,
              9698600.0
            ],
            [
              501810.0,
              9698610.0
            ],
            [
              501800.0,
              9698610.0
            ]
          ]
        ]
      },
      "properties": {
        "alert_id": "DEF_2026_0070",
        "area_ha": 0.09,
        "perimeter_m": 40.0,
        "severity": "High Severity",
        "driver": "Wildfire Scar",
        "mean_dnbr": 0.73,
        "centroid_x": 501805.0,
        "centroid_y": 9698605.0,
        "status": "Verified Alert"
      }
    },
    {
      "type": "Feature",
      "geometry": {
        "type": "Polygon",
        "coordinates": [
          [
            [
              501830.0,
              9698610.0
            ],
            [
              501830.0,
              9698600.0
            ],
            [
              501820.0,
              9698600.0
            ],
            [
              501820.0,
              9698590.0
            ],
            [
              501860.0,
              9698590.0
            ],
            [
              501860.0,
              9698600.0
            ],
            [
              501850.0,
              9698600.0
            ],
            [
              501850.0,
              9698610.0
            ],
            [
              501830.0,
              9698610.0
            ]
          ]
        ]
      },
      "properties": {
        "alert_id": "DEF_2026_0071",
        "area_ha": 0.54,
        "perimeter_m": 120.0,
        "severity": "High Severity",
        "driver": "Wildfire Scar",
        "mean_dnbr": 0.735,
        "centroid_x": 501840.0,
        "centroid_y": 9698598.333333,
        "status": "Verified Alert"
      }
    },
    {
      "type": "Feature",
      "geometry": {
        "type": "Polygon",
        "coordinates": [
          [
            [
              502390.0,
              9698600.0
            ],
            [
              502390.0,
              9698590.0
            ],
            [
              502410.0,
              9698590.0
            ],
            [
              502410.0,
              9698600.0
            ],
            [
              502390.0,
              9698600.0
            ]
          ]
        ]
      },
      "properties": {
        "alert_id": "DEF_2026_0072",
        "area_ha": 0.18,
        "perimeter_m": 60.0,
        "severity": "High Severity",
        "driver": "Wildfire Scar",
        "mean_dnbr": 0.73,
        "centroid_x": 502400.0,
        "centroid_y": 9698595.0,
        "status": "Verified Alert"
      }
    },
    {
      "type": "Feature",
      "geometry": {
        "type": "Polygon",
        "coordinates": [
          [
            [
              501790.0,
              9698590.0
            ],
            [
              501790.0,
              9698580.0
            ],
            [
              501810.0,
              9698580.0
            ],
            [
              501810.0,
              9698590.0
            ],
            [
              501790.0,
              9698590.0
            ]
          ]
        ]
      },
      "properties": {
        "alert_id": "DEF_2026_0073",
        "area_ha": 0.18,
        "perimeter_m": 60.0,
        "severity": "High Severity",
        "driver": "Driver 0",
        "mean_dnbr": 0.724,
        "centroid_x": 501800.0,
        "centroid_y": 9698585.0,
        "status": "Verified Alert"
      }
    },
    {
      "type": "Feature",
      "geometry": {
        "type": "Polygon",
        "coordinates": [
          [
            [
              502370.0,
              9698590.0
            ],
            [
              502370.0,
              9698580.0
            ],
            [
              502380.0,
              9698580.0
            ],
            [
              502380.0,
              9698570.0
            ],
            [
              502390.0,
              9698570.0
            ],
            [
              502390.0,
              9698590.0
            ],
            [
              502370.0,
              9698590.0
            ]
          ]
        ]
      },
      "properties": {
        "alert_id": "DEF_2026_0074",
        "area_ha": 0.27,
        "perimeter_m": 80.0,
        "severity": "High Severity",
        "driver": "Wildfire Scar",
        "mean_dnbr": 0.729,
        "centroid_x": 502381.666667,
        "centroid_y": 9698581.666667,
        "status": "Verified Alert"
      }
    },
    {
      "type": "Feature",
      "geometry": {
        "type": "Polygon",
        "coordinates": [
          [
            [
              501840.0,
              9698570.0
            ],
            [
              501840.0,
              9698560.0
            ],
            [
              501850.0,
              9698560.0
            ],
            [
              501850.0,
              9698570.0
            ],
            [
              501840.0,
              9698570.0
            ]
          ]
        ]
      },
      "properties": {
        "alert_id": "DEF_2026_0075",
        "area_ha": 0.09,
        "perimeter_m": 40.0,
        "severity": "High Severity",
        "driver": "Wildfire Scar",
        "mean_dnbr": 0.715,
        "centroid_x": 501845.0,
        "centroid_y": 9698565.0,
        "status": "Verified Alert"
      }
    },
    {
      "type": "Feature",
      "geometry": {
        "type": "Polygon",
        "coordinates": [
          [
            [
              501820.0,
              9698560.0
            ],
            [
              501820.0,
              9698550.0
            ],
            [
              501830.0,
              9698550.0
            ],
            [
              501830.0,
              9698560.0
            ],
            [
              501820.0,
              9698560.0
            ]
          ]
        ]
      },
      "properties": {
        "alert_id": "DEF_2026_0076",
        "area_ha": 0.09,
        "perimeter_m": 40.0,
        "severity": "High Severity",
        "driver": "Driver 0",
        "mean_dnbr": 0.735,
        "centroid_x": 501825.0,
        "centroid_y": 9698555.0,
        "status": "Verified Alert"
      }
    },
    {
      "type": "Feature",
      "geometry": {
        "type": "Polygon",
        "coordinates": [
          [
            [
              501850.0,
              9698560.0
            ],
            [
              501850.0,
              9698530.0
            ],
            [
              501870.0,
              9698530.0
            ],
            [
              501870.0,
              9698540.0
            ],
            [
              501860.0,
              9698540.0
            ],
            [
              501860.0,
              9698560.0
            ],
            [
              501850.0,
              9698560.0
            ]
          ]
        ]
      },
      "properties": {
        "alert_id": "DEF_2026_0077",
        "area_ha": 0.36,
        "perimeter_m": 100.0,
        "severity": "High Severity",
        "driver": "Wildfire Scar",
        "mean_dnbr": 0.728,
        "centroid_x": 501857.5,
        "centroid_y": 9698542.5,
        "status": "Verified Alert"
      }
    },
    {
      "type": "Feature",
      "geometry": {
        "type": "Polygon",
        "coordinates": [
          [
            [
              502380.0,
              9698540.0
            ],
            [
              502380.0,
              9698530.0
            ],
            [
              502390.0,
              9698530.0
            ],
            [
              502390.0,
              9698540.0
            ],
            [
              502380.0,
              9698540.0
            ]
          ]
        ]
      },
      "properties": {
        "alert_id": "DEF_2026_0078",
        "area_ha": 0.09,
        "perimeter_m": 40.0,
        "severity": "High Severity",
        "driver": "Driver 0",
        "mean_dnbr": 0.743,
        "centroid_x": 502385.0,
        "centroid_y": 9698535.0,
        "status": "Verified Alert"
      }
    },
    {
      "type": "Feature",
      "geometry": {
        "type": "Polygon",
        "coordinates": [
          [
            [
              501830.0,
              9698530.0
            ],
            [
              501830.0,
              9698520.0
            ],
            [
              501840.0,
              9698520.0
            ],
            [
              501840.0,
              9698530.0
            ],
            [
              501830.0,
              9698530.0
            ]
          ]
        ]
      },
      "properties": {
        "alert_id": "DEF_2026_0079",
        "area_ha": 0.09,
        "perimeter_m": 40.0,
        "severity": "High Severity",
        "driver": "Driver 0",
        "mean_dnbr": 0.744,
        "centroid_x": 501835.0,
        "centroid_y": 9698525.0,
        "status": "Verified Alert"
      }
    },
    {
      "type": "Feature",
      "geometry": {
        "type": "Polygon",
        "coordinates": [
          [
            [
              501890.0,
              9698530.0
            ],
            [
              501890.0,
              9698510.0
            ],
            [
              501910.0,
              9698510.0
            ],
            [
              501910.0,
              9698520.0
            ],
            [
              501900.0,
              9698520.0
            ],
            [
              501900.0,
              9698530.0
            ],
            [
              501890.0,
              9698530.0
            ]
          ]
        ]
      },
      "properties": {
        "alert_id": "DEF_2026_0080",
        "area_ha": 0.27,
        "perimeter_m": 80.0,
        "severity": "High Severity",
        "driver": "Wildfire Scar",
        "mean_dnbr": 0.723,
        "centroid_x": 501898.333333,
        "centroid_y": 9698518.333333,
        "status": "Verified Alert"
      }
    },
    {
      "type": "Feature",
      "geometry": {
        "type": "Polygon",
        "coordinates": [
          [
            [
              501870.0,
              9698520.0
            ],
            [
              501870.0,
              9698510.0
            ],
            [
              501880.0,
              9698510.0
            ],
            [
              501880.0,
              9698520.0
            ],
            [
              501870.0,
              9698520.0
            ]
          ]
        ]
      },
      "properties": {
        "alert_id": "DEF_2026_0081",
        "area_ha": 0.09,
        "perimeter_m": 40.0,
        "severity": "High Severity",
        "driver": "Driver 0",
        "mean_dnbr": 0.708,
        "centroid_x": 501875.0,
        "centroid_y": 9698515.0,
        "status": "Verified Alert"
      }
    },
    {
      "type": "Feature",
      "geometry": {
        "type": "Polygon",
        "coordinates": [
          [
            [
              501920.0,
              9698510.0
            ],
            [
              501920.0,
              9698500.0
            ],
            [
              501950.0,
              9698500.0
            ],
            [
              501950.0,
              9698510.0
            ],
            [
              501920.0,
              9698510.0
            ]
          ]
        ]
      },
      "properties": {
        "alert_id": "DEF_2026_0082",
        "area_ha": 0.27,
        "perimeter_m": 80.0,
        "severity": "High Severity",
        "driver": "Wildfire Scar",
        "mean_dnbr": 0.733,
        "centroid_x": 501935.0,
        "centroid_y": 9698505.0,
        "status": "Verified Alert"
      }
    },
    {
      "type": "Feature",
      "geometry": {
        "type": "Polygon",
        "coordinates": [
          [
            [
              502320.0,
              9698500.0
            ],
            [
              502320.0,
              9698490.0
            ],
            [
              502330.0,
              9698490.0
            ],
            [
              502330.0,
              9698500.0
            ],
            [
              502320.0,
              9698500.0
            ]
          ]
        ]
      },
      "properties": {
        "alert_id": "DEF_2026_0083",
        "area_ha": 0.09,
        "perimeter_m": 40.0,
        "severity": "High Severity",
        "driver": "Driver 0",
        "mean_dnbr": 0.728,
        "centroid_x": 502325.0,
        "centroid_y": 9698495.0,
        "status": "Verified Alert"
      }
    },
    {
      "type": "Feature",
      "geometry": {
        "type": "Polygon",
        "coordinates": [
          [
            [
              501920.0,
              9698480.0
            ],
            [
              501920.0,
              9698470.0
            ],
            [
              501930.0,
              9698470.0
            ],
            [
              501930.0,
              9698480.0
            ],
            [
              501920.0,
              9698480.0
            ]
          ]
        ]
      },
      "properties": {
        "alert_id": "DEF_2026_0084",
        "area_ha": 0.09,
        "perimeter_m": 40.0,
        "severity": "High Severity",
        "driver": "Driver 0",
        "mean_dnbr": 0.717,
        "centroid_x": 501925.0,
        "centroid_y": 9698475.0,
        "status": "Verified Alert"
      }
    },
    {
      "type": "Feature",
      "geometry": {
        "type": "Polygon",
        "coordinates": [
          [
            [
              502210.0,
              9698480.0
            ],
            [
              502210.0,
              9698470.0
            ],
            [
              502220.0,
              9698470.0
            ],
            [
              502220.0,
              9698480.0
            ],
            [
              502210.0,
              9698480.0
            ]
          ]
        ]
      },
      "properties": {
        "alert_id": "DEF_2026_0085",
        "area_ha": 0.09,
        "perimeter_m": 40.0,
        "severity": "High Severity",
        "driver": "Wildfire Scar",
        "mean_dnbr": 0.767,
        "centroid_x": 502215.0,
        "centroid_y": 9698475.0,
        "status": "Verified Alert"
      }
    },
    {
      "type": "Feature",
      "geometry": {
        "type": "Polygon",
        "coordinates": [
          [
            [
              500000.0,
              9698580.0
            ],
            [
              500000.0,
              9698550.0
            ],
            [
              500030.0,
              9698550.0
            ],
            [
              500030.0,
              9698540.0
            ],
            [
              500060.0,
              9698540.0
            ],
            [
              500060.0,
              9698530.0
            ],
            [
              500080.0,
              9698530.0
            ],
            [
              500080.0,
              9698520.0
            ],
            [
              500110.0,
              9698520.0
            ],
            [
              500110.0,
              9698510.0
            ],
            [
              500140.0,
              9698510.0
            ],
            [
              500140.0,
              9698500.0
            ],
            [
              500170.0,
              9698500.0
            ],
            [
              500170.0,
              9698490.0
            ],
            [
              500200.0,
              9698490.0
            ],
            [
              500200.0,
              9698480.0
            ],
            [
              500250.0,
              9698480.0
            ],
            [
              500250.0,
              9698470.0
            ],
            [
              500310.0,
              9698470.0
            ],
            [
              500310.0,
              9698460.0
            ],
            [
              500470.0,
              9698460.0
            ],
            [
              500470.0,
              9698470.0
            ],
            [
              500540.0,
              9698470.0
            ],
            [
              500540.0,
              9698480.0
            ],
            [
              500600.0,
              9698480.0
            ],
            [
              500600.0,
              9698490.0
            ],
            [
              500650.0,
              9698490.0
            ],
            [
              500650.0,
              9698500.0
            ],
            [
              500700.0,
              9698500.0
            ],
            [
              500700.0,
              9698510.0
            ],
            [
              500760.0,
              9698510.0
            ],
            [
              500760.0,
              9698520.0
            ],
            [
              500990.0,
              9698520.0
            ],
            [
              500990.0,
              9698510.0
            ],
            [
              501040.0,
              9698510.0
            ],
            [
              501040.0,
              9698500.0
            ],
            [
              501080.0,
              9698500.0
            ],
            [
              501080.0,
              9698490.0
            ],
            [
              501110.0,
              9698490.0
            ],
            [
              501110.0,
              9698480.0
            ],
            [
              501140.0,
              9698480.0
            ],
            [
              501140.0,
              9698470.0
            ],
            [
              501170.0,
              9698470.0
            ],
            [
              501170.0,
              9698460.0
            ],
            [
              501200.0,
              9698460.0
            ],
            [
              501200.0,
              9698470.0
            ],
            [
              501210.0,
              9698470.0
            ],
            [
              501210.0,
              9698480.0
            ],
            [
              501200.0,
              9698480.0
            ],
            [
              501200.0,
              9698490.0
            ],
            [
              501170.0,
              9698490.0
            ],
            [
              501170.0,
              9698500.0
            ],
            [
              501140.0,
              9698500.0
            ],
            [
              501140.0,
              9698510.0
            ],
            [
              501110.0,
              9698510.0
            ],
            [
              501110.0,
              9698520.0
            ],
            [
              501080.0,
              9698520.0
            ],
            [
              501080.0,
              9698530.0
            ],
            [
              501040.0,
              9698530.0
            ],
            [
              501040.0,
              9698540.0
            ],
            [
              500990.0,
              9698540.0
            ],
            [
              500990.0,
              9698550.0
            ],
            [
              500760.0,
              9698550.0
            ],
            [
              500760.0,
              9698540.0
            ],
            [
              500700.0,
              9698540.0
            ],
            [
              500700.0,
              9698530.0
            ],
            [
              500650.0,
              9698530.0
            ],
            [
              500650.0,
              9698520.0
            ],
            [
              500600.0,
              9698520.0
            ],
            [
              500600.0,
              9698510.0
            ],
            [
              500540.0,
              9698510.0
            ],
            [
              500540.0,
              9698500.0
            ],
            [
              500470.0,
              9698500.0
            ],
            [
              500470.0,
              9698490.0
            ],
            [
              500310.0,
              9698490.0
            ],
            [
              500310.0,
              9698500.0
            ],
            [
              500250.0,
              9698500.0
            ],
            [
              500250.0,
              9698510.0
            ],
            [
              500200.0,
              9698510.0
            ],
            [
              500200.0,
              9698520.0
            ],
            [
              500170.0,
              9698520.0
            ],
            [
              500170.0,
              9698530.0
            ],
            [
              500140.0,
              9698530.0
            ],
            [
              500140.0,
              9698540.0
            ],
            [
              500110.0,
              9698540.0
            ],
            [
              500110.0,
              9698550.0
            ],
            [
              500080.0,
              9698550.0
            ],
            [
              500080.0,
              9698560.0
            ],
            [
              500060.0,
              9698560.0
            ],
            [
              500060.0,
              9698570.0
            ],
            [
              500030.0,
              9698570.0
            ],
            [
              500030.0,
              9698580.0
            ],
            [
              500000.0,
              9698580.0
            ]
          ]
        ]
      },
      "properties": {
        "alert_id": "DEF_2026_0086",
        "area_ha": 32.49,
        "perimeter_m": 2900.0,
        "severity": "High Severity",
        "driver": "Road Encroachment",
        "mean_dnbr": 0.745,
        "centroid_x": 500601.6759,
        "centroid_y": 9698509.570637,
        "status": "Verified Alert"
      }
    },
    {
      "type": "Feature",
      "geometry": {
        "type": "Polygon",
        "coordinates": [
          [
            [
              502250.0,
              9698480.0
            ],
            [
              502250.0,
              9698470.0
            ],
            [
              502260.0,
              9698470.0
            ],
            [
              502260.0,
              9698460.0
            ],
            [
              502280.0,
              9698460.0
            ],
            [
              502280.0,
              9698470.0
            ],
            [
              502270.0,
              9698470.0
            ],
            [
              502270.0,
              9698480.0
            ],
            [
              502250.0,
              9698480.0
            ]
          ]
        ]
      },
      "properties": {
        "alert_id": "DEF_2026_0087",
        "area_ha": 0.36,
        "perimeter_m": 100.0,
        "severity": "High Severity",
        "driver": "Driver 0",
        "mean_dnbr": 0.733,
        "centroid_x": 502265.0,
        "centroid_y": 9698470.0,
        "status": "Verified Alert"
      }
    },
    {
      "type": "Feature",
      "geometry": {
        "type": "Polygon",
        "coordinates": [
          [
            [
              501690.0,
              9698470.0
            ],
            [
              501690.0,
              9698460.0
            ],
            [
              501700.0,
              9698460.0
            ],
            [
              501700.0,
              9698470.0
            ],
            [
              501690.0,
              9698470.0
            ]
          ]
        ]
      },
      "properties": {
        "alert_id": "DEF_2026_0088",
        "area_ha": 0.09,
        "perimeter_m": 40.0,
        "severity": "High Severity",
        "driver": "Driver 0",
        "mean_dnbr": 0.715,
        "centroid_x": 501695.0,
        "centroid_y": 9698465.0,
        "status": "Verified Alert"
      }
    },
    {
      "type": "Feature",
      "geometry": {
        "type": "Polygon",
        "coordinates": [
          [
            [
              501720.0,
              9698470.0
            ],
            [
              501720.0,
              9698460.0
            ],
            [
              501730.0,
              9698460.0
            ],
            [
              501730.0,
              9698470.0
            ],
            [
              501720.0,
              9698470.0
            ]
          ]
        ]
      },
      "properties": {
        "alert_id": "DEF_2026_0089",
        "area_ha": 0.09,
        "perimeter_m": 40.0,
        "severity": "High Severity",
        "driver": "Wildfire Scar",
        "mean_dnbr": 0.736,
        "centroid_x": 501725.0,
        "centroid_y": 9698465.0,
        "status": "Verified Alert"
      }
    },
    {
      "type": "Feature",
      "geometry": {
        "type": "Polygon",
        "coordinates": [
          [
            [
              501740.0,
              9698470.0
            ],
            [
              501740.0,
              9698460.0
            ],
            [
              501750.0,
              9698460.0
            ],
            [
              501750.0,
              9698470.0
            ],
            [
              501740.0,
              9698470.0
            ]
          ]
        ]
      },
      "properties": {
        "alert_id": "DEF_2026_0090",
        "area_ha": 0.09,
        "perimeter_m": 40.0,
        "severity": "High Severity",
        "driver": "Wildfire Scar",
        "mean_dnbr": 0.713,
        "centroid_x": 501745.0,
        "centroid_y": 9698465.0,
        "status": "Verified Alert"
      }
    },
    {
      "type": "Feature",
      "geometry": {
        "type": "Polygon",
        "coordinates": [
          [
            [
              501640.0,
              9698460.0
            ],
            [
              501640.0,
              9698450.0
            ],
            [
              501650.0,
              9698450.0
            ],
            [
              501650.0,
              9698460.0
            ],
            [
              501640.0,
              9698460.0
            ]
          ]
        ]
      },
      "properties": {
        "alert_id": "DEF_2026_0091",
        "area_ha": 0.09,
        "perimeter_m": 40.0,
        "severity": "High Severity",
        "driver": "Driver 0",
        "mean_dnbr": 0.71,
        "centroid_x": 501645.0,
        "centroid_y": 9698455.0,
        "status": "Verified Alert"
      }
    },
    {
      "type": "Feature",
      "geometry": {
        "type": "Polygon",
        "coordinates": [
          [
            [
              501710.0,
              9698460.0
            ],
            [
              501710.0,
              9698450.0
            ],
            [
              501720.0,
              9698450.0
            ],
            [
              501720.0,
              9698460.0
            ],
            [
              501710.0,
              9698460.0
            ]
          ]
        ]
      },
      "properties": {
        "alert_id": "DEF_2026_0092",
        "area_ha": 0.09,
        "perimeter_m": 40.0,
        "severity": "High Severity",
        "driver": "Wildfire Scar",
        "mean_dnbr": 0.73,
        "centroid_x": 501715.0,
        "centroid_y": 9698455.0,
        "status": "Verified Alert"
      }
    },
    {
      "type": "Feature",
      "geometry": {
        "type": "Polygon",
        "coordinates": [
          [
            [
              501830.0,
              9698460.0
            ],
            [
              501830.0,
              9698450.0
            ],
            [
              501840.0,
              9698450.0
            ],
            [
              501840.0,
              9698460.0
            ],
            [
              501830.0,
              9698460.0
            ]
          ]
        ]
      },
      "properties": {
        "alert_id": "DEF_2026_0093",
        "area_ha": 0.09,
        "perimeter_m": 40.0,
        "severity": "High Severity",
        "driver": "Driver 0",
        "mean_dnbr": 0.716,
        "centroid_x": 501835.0,
        "centroid_y": 9698455.0,
        "status": "Verified Alert"
      }
    },
    {
      "type": "Feature",
      "geometry": {
        "type": "Polygon",
        "coordinates": [
          [
            [
              501990.0,
              9698460.0
            ],
            [
              501990.0,
              9698450.0
            ],
            [
              502000.0,
              9698450.0
            ],
            [
              502000.0,
              9698460.0
            ],
            [
              501990.0,
              9698460.0
            ]
          ]
        ]
      },
      "properties": {
        "alert_id": "DEF_2026_0094",
        "area_ha": 0.09,
        "perimeter_m": 40.0,
        "severity": "High Severity",
        "driver": "Driver 0",
        "mean_dnbr": 0.716,
        "centroid_x": 501995.0,
        "centroid_y": 9698455.0,
        "status": "Verified Alert"
      }
    },
    {
      "type": "Feature",
      "geometry": {
        "type": "Polygon",
        "coordinates": [
          [
            [
              502040.0,
              9698460.0
            ],
            [
              502040.0,
              9698450.0
            ],
            [
              502050.0,
              9698450.0
            ],
            [
              502050.0,
              9698460.0
            ],
            [
              502040.0,
              9698460.0
            ]
          ]
        ]
      },
      "properties": {
        "alert_id": "DEF_2026_0095",
        "area_ha": 0.09,
        "perimeter_m": 40.0,
        "severity": "High Severity",
        "driver": "Wildfire Scar",
        "mean_dnbr": 0.717,
        "centroid_x": 502045.0,
        "centroid_y": 9698455.0,
        "status": "Verified Alert"
      }
    },
    {
      "type": "Feature",
      "geometry": {
        "type": "Polygon",
        "coordinates": [
          [
            [
              502200.0,
              9698460.0
            ],
            [
              502200.0,
              9698450.0
            ],
            [
              502210.0,
              9698450.0
            ],
            [
              502210.0,
              9698460.0
            ],
            [
              502200.0,
              9698460.0
            ]
          ]
        ]
      },
      "properties": {
        "alert_id": "DEF_2026_0096",
        "area_ha": 0.09,
        "perimeter_m": 40.0,
        "severity": "High Severity",
        "driver": "Driver 0",
        "mean_dnbr": 0.739,
        "centroid_x": 502205.0,
        "centroid_y": 9698455.0,
        "status": "Verified Alert"
      }
    },
    {
      "type": "Feature",
      "geometry": {
        "type": "Polygon",
        "coordinates": [
          [
            [
              502280.0,
              9698460.0
            ],
            [
              502280.0,
              9698450.0
            ],
            [
              502290.0,
              9698450.0
            ],
            [
              502290.0,
              9698460.0
            ],
            [
              502280.0,
              9698460.0
            ]
          ]
        ]
      },
      "properties": {
        "alert_id": "DEF_2026_0097",
        "area_ha": 0.09,
        "perimeter_m": 40.0,
        "severity": "High Severity",
        "driver": "Driver 0",
        "mean_dnbr": 0.745,
        "centroid_x": 502285.0,
        "centroid_y": 9698455.0,
        "status": "Verified Alert"
      }
    },
    {
      "type": "Feature",
      "geometry": {
        "type": "Polygon",
        "coordinates": [
          [
            [
              501770.0,
              9698460.0
            ],
            [
              501770.0,
              9698440.0
            ],
            [
              501780.0,
              9698440.0
            ],
            [
              501780.0,
              9698460.0
            ],
            [
              501770.0,
              9698460.0
            ]
          ]
        ]
      },
      "properties": {
        "alert_id": "DEF_2026_0098",
        "area_ha": 0.18,
        "perimeter_m": 60.0,
        "severity": "High Severity",
        "driver": "Driver 0",
        "mean_dnbr": 0.721,
        "centroid_x": 501775.0,
        "centroid_y": 9698450.0,
        "status": "Verified Alert"
      }
    },
    {
      "type": "Feature",
      "geometry": {
        "type": "Polygon",
        "coordinates": [
          [
            [
              501800.0,
              9698460.0
            ],
            [
              501800.0,
              9698440.0
            ],
            [
              501820.0,
              9698440.0
            ],
            [
              501820.0,
              9698450.0
            ],
            [
              501810.0,
              9698450.0
            ],
            [
              501810.0,
              9698460.0
            ],
            [
              501800.0,
              9698460.0
            ]
          ]
        ]
      },
      "properties": {
        "alert_id": "DEF_2026_0099",
        "area_ha": 0.27,
        "perimeter_m": 80.0,
        "severity": "High Severity",
        "driver": "Driver 0",
        "mean_dnbr": 0.725,
        "centroid_x": 501808.333333,
        "centroid_y": 9698448.333333,
        "status": "Verified Alert"
      }
    },
    {
      "type": "Feature",
      "geometry": {
        "type": "Polygon",
        "coordinates": [
          [
            [
              501520.0,
              9698450.0
            ],
            [
              501520.0,
              9698440.0
            ],
            [
              501540.0,
              9698440.0
            ],
            [
              501540.0,
              9698450.0
            ],
            [
              501520.0,
              9698450.0
            ]
          ]
        ]
      },
      "properties": {
        "alert_id": "DEF_2026_0100",
        "area_ha": 0.18,
        "perimeter_m": 60.0,
        "severity": "High Severity",
        "driver": "Driver 0",
        "mean_dnbr": 0.726,
        "centroid_x": 501530.0,
        "centroid_y": 9698445.0,
        "status": "Verified Alert"
      }
    },
    {
      "type": "Feature",
      "geometry": {
        "type": "Polygon",
        "coordinates": [
          [
            [
              501980.0,
              9698450.0
            ],
            [
              501980.0,
              9698440.0
            ],
            [
              501990.0,
              9698440.0
            ],
            [
              501990.0,
              9698450.0
            ],
            [
              501980.0,
              9698450.0
            ]
          ]
        ]
      },
      "properties": {
        "alert_id": "DEF_2026_0101",
        "area_ha": 0.09,
        "perimeter_m": 40.0,
        "severity": "High Severity",
        "driver": "Driver 0",
        "mean_dnbr": 0.73,
        "centroid_x": 501985.0,
        "centroid_y": 9698445.0,
        "status": "Verified Alert"
      }
    },
    {
      "type": "Feature",
      "geometry": {
        "type": "Polygon",
        "coordinates": [
          [
            [
              502120.0,
              9698450.0
            ],
            [
              502120.0,
              9698440.0
            ],
            [
              502130.0,
              9698440.0
            ],
            [
              502130.0,
              9698450.0
            ],
            [
              502120.0,
              9698450.0
            ]
          ]
        ]
      },
      "properties": {
        "alert_id": "DEF_2026_0102",
        "area_ha": 0.09,
        "perimeter_m": 40.0,
        "severity": "High Severity",
        "driver": "Wildfire Scar",
        "mean_dnbr": 0.721,
        "centroid_x": 502125.0,
        "centroid_y": 9698445.0,
        "status": "Verified Alert"
      }
    },
    {
      "type": "Feature",
      "geometry": {
        "type": "Polygon",
        "coordinates": [
          [
            [
              502190.0,
              9698450.0
            ],
            [
              502190.0,
              9698440.0
            ],
            [
              502200.0,
              9698440.0
            ],
            [
              502200.0,
              9698450.0
            ],
            [
              502190.0,
              9698450.0
            ]
          ]
        ]
      },
      "properties": {
        "alert_id": "DEF_2026_0103",
        "area_ha": 0.09,
        "perimeter_m": 40.0,
        "severity": "High Severity",
        "driver": "Driver 0",
        "mean_dnbr": 0.741,
        "centroid_x": 502195.0,
        "centroid_y": 9698445.0,
        "status": "Verified Alert"
      }
    },
    {
      "type": "Feature",
      "geometry": {
        "type": "Polygon",
        "coordinates": [
          [
            [
              501910.0,
              9698440.0
            ],
            [
              501910.0,
              9698430.0
            ],
            [
              501920.0,
              9698430.0
            ],
            [
              501920.0,
              9698440.0
            ],
            [
              501910.0,
              9698440.0
            ]
          ]
        ]
      },
      "properties": {
        "alert_id": "DEF_2026_0104",
        "area_ha": 0.09,
        "perimeter_m": 40.0,
        "severity": "High Severity",
        "driver": "Wildfire Scar",
        "mean_dnbr": 0.697,
        "centroid_x": 501915.0,
        "centroid_y": 9698435.0,
        "status": "Verified Alert"
      }
    },
    {
      "type": "Feature",
      "geometry": {
        "type": "Polygon",
        "coordinates": [
          [
            [
              502000.0,
              9698440.0
            ],
            [
              502000.0,
              9698430.0
            ],
            [
              502010.0,
              9698430.0
            ],
            [
              502010.0,
              9698440.0
            ],
            [
              502000.0,
              9698440.0
            ]
          ]
        ]
      },
      "properties": {
        "alert_id": "DEF_2026_0105",
        "area_ha": 0.09,
        "perimeter_m": 40.0,
        "severity": "High Severity",
        "driver": "Driver 0",
        "mean_dnbr": 0.732,
        "centroid_x": 502005.0,
        "centroid_y": 9698435.0,
        "status": "Verified Alert"
      }
    },
    {
      "type": "Feature",
      "geometry": {
        "type": "Polygon",
        "coordinates": [
          [
            [
              502230.0,
              9698440.0
            ],
            [
              502230.0,
              9698430.0
            ],
            [
              502240.0,
              9698430.0
            ],
            [
              502240.0,
              9698440.0
            ],
            [
              502230.0,
              9698440.0
            ]
          ]
        ]
      },
      "properties": {
        "alert_id": "DEF_2026_0106",
        "area_ha": 0.09,
        "perimeter_m": 40.0,
        "severity": "High Severity",
        "driver": "Driver 0",
        "mean_dnbr": 0.756,
        "centroid_x": 502235.0,
        "centroid_y": 9698435.0,
        "status": "Verified Alert"
      }
    },
    {
      "type": "Feature",
      "geometry": {
        "type": "Polygon",
        "coordinates": [
          [
            [
              501510.0,
              9698430.0
            ],
            [
              501510.0,
              9698420.0
            ],
            [
              501520.0,
              9698420.0
            ],
            [
              501520.0,
              9698430.0
            ],
            [
              501510.0,
              9698430.0
            ]
          ]
        ]
      },
      "properties": {
        "alert_id": "DEF_2026_0107",
        "area_ha": 0.09,
        "perimeter_m": 40.0,
        "severity": "High Severity",
        "driver": "Agricultural Clearcut",
        "mean_dnbr": 0.732,
        "centroid_x": 501515.0,
        "centroid_y": 9698425.0,
        "status": "Verified Alert"
      }
    },
    {
      "type": "Feature",
      "geometry": {
        "type": "Polygon",
        "coordinates": [
          [
            [
              501560.0,
              9698430.0
            ],
            [
              501560.0,
              9698420.0
            ],
            [
              501570.0,
              9698420.0
            ],
            [
              501570.0,
              9698430.0
            ],
            [
              501560.0,
              9698430.0
            ]
          ]
        ]
      },
      "properties": {
        "alert_id": "DEF_2026_0108",
        "area_ha": 0.09,
        "perimeter_m": 40.0,
        "severity": "High Severity",
        "driver": "Agricultural Clearcut",
        "mean_dnbr": 0.711,
        "centroid_x": 501565.0,
        "centroid_y": 9698425.0,
        "status": "Verified Alert"
      }
    },
    {
      "type": "Feature",
      "geometry": {
        "type": "Polygon",
        "coordinates": [
          [
            [
              501900.0,
              9698430.0
            ],
            [
              501900.0,
              9698420.0
            ],
            [
              501910.0,
              9698420.0
            ],
            [
              501910.0,
              9698430.0
            ],
            [
              501900.0,
              9698430.0
            ]
          ]
        ]
      },
      "properties": {
        "alert_id": "DEF_2026_0109",
        "area_ha": 0.09,
        "perimeter_m": 40.0,
        "severity": "High Severity",
        "driver": "Wildfire Scar",
        "mean_dnbr": 0.72,
        "centroid_x": 501905.0,
        "centroid_y": 9698425.0,
        "status": "Verified Alert"
      }
    },
    {
      "type": "Feature",
      "geometry": {
        "type": "Polygon",
        "coordinates": [
          [
            [
              501540.0,
              9698430.0
            ],
            [
              501540.0,
              9698410.0
            ],
            [
              501550.0,
              9698410.0
            ],
            [
              501550.0,
              9698430.0
            ],
            [
              501540.0,
              9698430.0
            ]
          ]
        ]
      },
      "properties": {
        "alert_id": "DEF_2026_0110",
        "area_ha": 0.18,
        "perimeter_m": 60.0,
        "severity": "High Severity",
        "driver": "Agricultural Clearcut",
        "mean_dnbr": 0.722,
        "centroid_x": 501545.0,
        "centroid_y": 9698420.0,
        "status": "Verified Alert"
      }
    },
    {
      "type": "Feature",
      "geometry": {
        "type": "Polygon",
        "coordinates": [
          [
            [
              501520.0,
              9698420.0
            ],
            [
              501520.0,
              9698410.0
            ],
            [
              501530.0,
              9698410.0
            ],
            [
              501530.0,
              9698420.0
            ],
            [
              501520.0,
              9698420.0
            ]
          ]
        ]
      },
      "properties": {
        "alert_id": "DEF_2026_0111",
        "area_ha": 0.09,
        "perimeter_m": 40.0,
        "severity": "High Severity",
        "driver": "Agricultural Clearcut",
        "mean_dnbr": 0.713,
        "centroid_x": 501525.0,
        "centroid_y": 9698415.0,
        "status": "Verified Alert"
      }
    },
    {
      "type": "Feature",
      "geometry": {
        "type": "Polygon",
        "coordinates": [
          [
            [
              502020.0,
              9698370.0
            ],
            [
              502020.0,
              9698360.0
            ],
            [
              502030.0,
              9698360.0
            ],
            [
              502030.0,
              9698370.0
            ],
            [
              502020.0,
              9698370.0
            ]
          ]
        ]
      },
      "properties": {
        "alert_id": "DEF_2026_0112",
        "area_ha": 0.09,
        "perimeter_m": 40.0,
        "severity": "High Severity",
        "driver": "Driver 0",
        "mean_dnbr": 0.693,
        "centroid_x": 502025.0,
        "centroid_y": 9698365.0,
        "status": "Verified Alert"
      }
    },
    {
      "type": "Feature",
      "geometry": {
        "type": "Polygon",
        "coordinates": [
          [
            [
              501380.0,
              9698360.0
            ],
            [
              501380.0,
              9698350.0
            ],
            [
              501390.0,
              9698350.0
            ],
            [
              501390.0,
              9698360.0
            ],
            [
              501380.0,
              9698360.0
            ]
          ]
        ]
      },
      "properties": {
        "alert_id": "DEF_2026_0113",
        "area_ha": 0.09,
        "perimeter_m": 40.0,
        "severity": "High Severity",
        "driver": "Driver 0",
        "mean_dnbr": 0.698,
        "centroid_x": 501385.0,
        "centroid_y": 9698355.0,
        "status": "Verified Alert"
      }
    },
    {
      "type": "Feature",
      "geometry": {
        "type": "Polygon",
        "coordinates": [
          [
            [
              501400.0,
              9698360.0
            ],
            [
              501400.0,
              9698350.0
            ],
            [
              501410.0,
              9698350.0
            ],
            [
              501410.0,
              9698340.0
            ],
            [
              501420.0,
              9698340.0
            ],
            [
              501420.0,
              9698360.0
            ],
            [
              501400.0,
              9698360.0
            ]
          ]
        ]
      },
      "properties": {
        "alert_id": "DEF_2026_0114",
        "area_ha": 0.27,
        "perimeter_m": 80.0,
        "severity": "High Severity",
        "driver": "Agricultural Clearcut",
        "mean_dnbr": 0.741,
        "centroid_x": 501411.666667,
        "centroid_y": 9698351.666667,
        "status": "Verified Alert"
      }
    },
    {
      "type": "Feature",
      "geometry": {
        "type": "Polygon",
        "coordinates": [
          [
            [
              501370.0,
              9698350.0
            ],
            [
              501370.0,
              9698340.0
            ],
            [
              501380.0,
              9698340.0
            ],
            [
              501380.0,
              9698350.0
            ],
            [
              501370.0,
              9698350.0
            ]
          ]
        ]
      },
      "properties": {
        "alert_id": "DEF_2026_0115",
        "area_ha": 0.09,
        "perimeter_m": 40.0,
        "severity": "High Severity",
        "driver": "Driver 0",
        "mean_dnbr": 0.739,
        "centroid_x": 501375.0,
        "centroid_y": 9698345.0,
        "status": "Verified Alert"
      }
    },
    {
      "type": "Feature",
      "geometry": {
        "type": "Polygon",
        "coordinates": [
          [
            [
              501360.0,
              9698340.0
            ],
            [
              501360.0,
              9698330.0
            ],
            [
              501370.0,
              9698330.0
            ],
            [
              501370.0,
              9698340.0
            ],
            [
              501360.0,
              9698340.0
            ]
          ]
        ]
      },
      "properties": {
        "alert_id": "DEF_2026_0116",
        "area_ha": 0.09,
        "perimeter_m": 40.0,
        "severity": "High Severity",
        "driver": "Driver 0",
        "mean_dnbr": 0.728,
        "centroid_x": 501365.0,
        "centroid_y": 9698335.0,
        "status": "Verified Alert"
      }
    },
    {
      "type": "Feature",
      "geometry": {
        "type": "Polygon",
        "coordinates": [
          [
            [
              502010.0,
              9698340.0
            ],
            [
              502010.0,
              9698330.0
            ],
            [
              502020.0,
              9698330.0
            ],
            [
              502020.0,
              9698340.0
            ],
            [
              502010.0,
              9698340.0
            ]
          ]
        ]
      },
      "properties": {
        "alert_id": "DEF_2026_0117",
        "area_ha": 0.09,
        "perimeter_m": 40.0,
        "severity": "High Severity",
        "driver": "Wildfire Scar",
        "mean_dnbr": 0.709,
        "centroid_x": 502015.0,
        "centroid_y": 9698335.0,
        "status": "Verified Alert"
      }
    },
    {
      "type": "Feature",
      "geometry": {
        "type": "Polygon",
        "coordinates": [
          [
            [
              501380.0,
              9698340.0
            ],
            [
              501380.0,
              9698320.0
            ],
            [
              501390.0,
              9698320.0
            ],
            [
              501390.0,
              9698340.0
            ],
            [
              501380.0,
              9698340.0
            ]
          ]
        ]
      },
      "properties": {
        "alert_id": "DEF_2026_0118",
        "area_ha": 0.18,
        "perimeter_m": 60.0,
        "severity": "High Severity",
        "driver": "Driver 0",
        "mean_dnbr": 0.717,
        "centroid_x": 501385.0,
        "centroid_y": 9698330.0,
        "status": "Verified Alert"
      }
    },
    {
      "type": "Feature",
      "geometry": {
        "type": "Polygon",
        "coordinates": [
          [
            [
              501400.0,
              9698340.0
            ],
            [
              501400.0,
              9698320.0
            ],
            [
              501410.0,
              9698320.0
            ],
            [
              501410.0,
              9698340.0
            ],
            [
              501400.0,
              9698340.0
            ]
          ]
        ]
      },
      "properties": {
        "alert_id": "DEF_2026_0119",
        "area_ha": 0.18,
        "perimeter_m": 60.0,
        "severity": "High Severity",
        "driver": "Agricultural Clearcut",
        "mean_dnbr": 0.709,
        "centroid_x": 501405.0,
        "centroid_y": 9698330.0,
        "status": "Verified Alert"
      }
    },
    {
      "type": "Feature",
      "geometry": {
        "type": "Polygon",
        "coordinates": [
          [
            [
              502020.0,
              9698330.0
            ],
            [
              502020.0,
              9698320.0
            ],
            [
              502030.0,
              9698320.0
            ],
            [
              502030.0,
              9698330.0
            ],
            [
              502020.0,
              9698330.0
            ]
          ]
        ]
      },
      "properties": {
        "alert_id": "DEF_2026_0120",
        "area_ha": 0.09,
        "perimeter_m": 40.0,
        "severity": "High Severity",
        "driver": "Wildfire Scar",
        "mean_dnbr": 0.711,
        "centroid_x": 502025.0,
        "centroid_y": 9698325.0,
        "status": "Verified Alert"
      }
    },
    {
      "type": "Feature",
      "geometry": {
        "type": "Polygon",
        "coordinates": [
          [
            [
              502040.0,
              9698330.0
            ],
            [
              502040.0,
              9698320.0
            ],
            [
              502050.0,
              9698320.0
            ],
            [
              502050.0,
              9698330.0
            ],
            [
              502040.0,
              9698330.0
            ]
          ]
        ]
      },
      "properties": {
        "alert_id": "DEF_2026_0121",
        "area_ha": 0.09,
        "perimeter_m": 40.0,
        "severity": "High Severity",
        "driver": "Wildfire Scar",
        "mean_dnbr": 0.715,
        "centroid_x": 502045.0,
        "centroid_y": 9698325.0,
        "status": "Verified Alert"
      }
    },
    {
      "type": "Feature",
      "geometry": {
        "type": "Polygon",
        "coordinates": [
          [
            [
              502030.0,
              9698320.0
            ],
            [
              502030.0,
              9698310.0
            ],
            [
              502040.0,
              9698310.0
            ],
            [
              502040.0,
              9698320.0
            ],
            [
              502030.0,
              9698320.0
            ]
          ]
        ]
      },
      "properties": {
        "alert_id": "DEF_2026_0122",
        "area_ha": 0.09,
        "perimeter_m": 40.0,
        "severity": "High Severity",
        "driver": "Wildfire Scar",
        "mean_dnbr": 0.689,
        "centroid_x": 502035.0,
        "centroid_y": 9698315.0,
        "status": "Verified Alert"
      }
    },
    {
      "type": "Feature",
      "geometry": {
        "type": "Polygon",
        "coordinates": [
          [
            [
              502010.0,
              9698310.0
            ],
            [
              502010.0,
              9698300.0
            ],
            [
              502020.0,
              9698300.0
            ],
            [
              502020.0,
              9698290.0
            ],
            [
              502030.0,
              9698290.0
            ],
            [
              502030.0,
              9698310.0
            ],
            [
              502010.0,
              9698310.0
            ]
          ]
        ]
      },
      "properties": {
        "alert_id": "DEF_2026_0123",
        "area_ha": 0.27,
        "perimeter_m": 80.0,
        "severity": "High Severity",
        "driver": "Wildfire Scar",
        "mean_dnbr": 0.726,
        "centroid_x": 502021.666667,
        "centroid_y": 9698301.666667,
        "status": "Verified Alert"
      }
    },
    {
      "type": "Feature",
      "geometry": {
        "type": "Polygon",
        "coordinates": [
          [
            [
              500970.0,
              9698300.0
            ],
            [
              500970.0,
              9698290.0
            ],
            [
              500980.0,
              9698290.0
            ],
            [
              500980.0,
              9698300.0
            ],
            [
              500970.0,
              9698300.0
            ]
          ]
        ]
      },
      "properties": {
        "alert_id": "DEF_2026_0124",
        "area_ha": 0.09,
        "perimeter_m": 40.0,
        "severity": "High Severity",
        "driver": "Road Encroachment",
        "mean_dnbr": 0.769,
        "centroid_x": 500975.0,
        "centroid_y": 9698295.0,
        "status": "Verified Alert"
      }
    },
    {
      "type": "Feature",
      "geometry": {
        "type": "Polygon",
        "coordinates": [
          [
            [
              501000.0,
              9698300.0
            ],
            [
              501000.0,
              9698290.0
            ],
            [
              501010.0,
              9698290.0
            ],
            [
              501010.0,
              9698300.0
            ],
            [
              501000.0,
              9698300.0
            ]
          ]
        ]
      },
      "properties": {
        "alert_id": "DEF_2026_0125",
        "area_ha": 0.09,
        "perimeter_m": 40.0,
        "severity": "High Severity",
        "driver": "Road Encroachment",
        "mean_dnbr": 0.753,
        "centroid_x": 501005.0,
        "centroid_y": 9698295.0,
        "status": "Verified Alert"
      }
    },
    {
      "type": "Feature",
      "geometry": {
        "type": "Polygon",
        "coordinates": [
          [
            [
              502040.0,
              9698300.0
            ],
            [
              502040.0,
              9698280.0
            ],
            [
              502050.0,
              9698280.0
            ],
            [
              502050.0,
              9698300.0
            ],
            [
              502040.0,
              9698300.0
            ]
          ]
        ]
      },
      "properties": {
        "alert_id": "DEF_2026_0126",
        "area_ha": 0.18,
        "perimeter_m": 60.0,
        "severity": "High Severity",
        "driver": "Wildfire Scar",
        "mean_dnbr": 0.728,
        "centroid_x": 502045.0,
        "centroid_y": 9698290.0,
        "status": "Verified Alert"
      }
    },
    {
      "type": "Feature",
      "geometry": {
        "type": "Polygon",
        "coordinates": [
          [
            [
              500980.0,
              9698290.0
            ],
            [
              500980.0,
              9698280.0
            ],
            [
              500990.0,
              9698280.0
            ],
            [
              500990.0,
              9698290.0
            ],
            [
              500980.0,
              9698290.0
            ]
          ]
        ]
      },
      "properties": {
        "alert_id": "DEF_2026_0127",
        "area_ha": 0.09,
        "perimeter_m": 40.0,
        "severity": "High Severity",
        "driver": "Road Encroachment",
        "mean_dnbr": 0.781,
        "centroid_x": 500985.0,
        "centroid_y": 9698285.0,
        "status": "Verified Alert"
      }
    },
    {
      "type": "Feature",
      "geometry": {
        "type": "Polygon",
        "coordinates": [
          [
            [
              501030.0,
              9698290.0
            ],
            [
              501030.0,
              9698280.0
            ],
            [
              501040.0,
              9698280.0
            ],
            [
              501040.0,
              9698290.0
            ],
            [
              501030.0,
              9698290.0
            ]
          ]
        ]
      },
      "properties": {
        "alert_id": "DEF_2026_0128",
        "area_ha": 0.09,
        "perimeter_m": 40.0,
        "severity": "High Severity",
        "driver": "Road Encroachment",
        "mean_dnbr": 0.734,
        "centroid_x": 501035.0,
        "centroid_y": 9698285.0,
        "status": "Verified Alert"
      }
    },
    {
      "type": "Feature",
      "geometry": {
        "type": "Polygon",
        "coordinates": [
          [
            [
              501160.0,
              9698290.0
            ],
            [
              501160.0,
              9698280.0
            ],
            [
              501170.0,
              9698280.0
            ],
            [
              501170.0,
              9698290.0
            ],
            [
              501160.0,
              9698290.0
            ]
          ]
        ]
      },
      "properties": {
        "alert_id": "DEF_2026_0129",
        "area_ha": 0.09,
        "perimeter_m": 40.0,
        "severity": "High Severity",
        "driver": "Driver 0",
        "mean_dnbr": 0.694,
        "centroid_x": 501165.0,
        "centroid_y": 9698285.0,
        "status": "Verified Alert"
      }
    },
    {
      "type": "Feature",
      "geometry": {
        "type": "Polygon",
        "coordinates": [
          [
            [
              500930.0,
              9698280.0
            ],
            [
              500930.0,
              9698270.0
            ],
            [
              500940.0,
              9698270.0
            ],
            [
              500940.0,
              9698280.0
            ],
            [
              500930.0,
              9698280.0
            ]
          ]
        ]
      },
      "properties": {
        "alert_id": "DEF_2026_0130",
        "area_ha": 0.09,
        "perimeter_m": 40.0,
        "severity": "High Severity",
        "driver": "Driver 0",
        "mean_dnbr": 0.721,
        "centroid_x": 500935.0,
        "centroid_y": 9698275.0,
        "status": "Verified Alert"
      }
    },
    {
      "type": "Feature",
      "geometry": {
        "type": "Polygon",
        "coordinates": [
          [
            [
              501170.0,
              9698280.0
            ],
            [
              501170.0,
              9698270.0
            ],
            [
              501180.0,
              9698270.0
            ],
            [
              501180.0,
              9698280.0
            ],
            [
              501170.0,
              9698280.0
            ]
          ]
        ]
      },
      "properties": {
        "alert_id": "DEF_2026_0131",
        "area_ha": 0.09,
        "perimeter_m": 40.0,
        "severity": "High Severity",
        "driver": "Driver 0",
        "mean_dnbr": 0.697,
        "centroid_x": 501175.0,
        "centroid_y": 9698275.0,
        "status": "Verified Alert"
      }
    },
    {
      "type": "Feature",
      "geometry": {
        "type": "Polygon",
        "coordinates": [
          [
            [
              501190.0,
              9698280.0
            ],
            [
              501190.0,
              9698270.0
            ],
            [
              501200.0,
              9698270.0
            ],
            [
              501200.0,
              9698280.0
            ],
            [
              501190.0,
              9698280.0
            ]
          ]
        ]
      },
      "properties": {
        "alert_id": "DEF_2026_0132",
        "area_ha": 0.09,
        "perimeter_m": 40.0,
        "severity": "High Severity",
        "driver": "Driver 0",
        "mean_dnbr": 0.724,
        "centroid_x": 501195.0,
        "centroid_y": 9698275.0,
        "status": "Verified Alert"
      }
    },
    {
      "type": "Feature",
      "geometry": {
        "type": "Polygon",
        "coordinates": [
          [
            [
              502030.0,
              9698280.0
            ],
            [
              502030.0,
              9698270.0
            ],
            [
              502040.0,
              9698270.0
            ],
            [
              502040.0,
              9698280.0
            ],
            [
              502030.0,
              9698280.0
            ]
          ]
        ]
      },
      "properties": {
        "alert_id": "DEF_2026_0133",
        "area_ha": 0.09,
        "perimeter_m": 40.0,
        "severity": "High Severity",
        "driver": "Wildfire Scar",
        "mean_dnbr": 0.684,
        "centroid_x": 502035.0,
        "centroid_y": 9698275.0,
        "status": "Verified Alert"
      }
    },
    {
      "type": "Feature",
      "geometry": {
        "type": "Polygon",
        "coordinates": [
          [
            [
              501010.0,
              9698290.0
            ],
            [
              501010.0,
              9698280.0
            ],
            [
              500990.0,
              9698280.0
            ],
            [
              500990.0,
              9698270.0
            ],
            [
              501000.0,
              9698270.0
            ],
            [
              501000.0,
              9698260.0
            ],
            [
              501010.0,
              9698260.0
            ],
            [
              501010.0,
              9698270.0
            ],
            [
              501030.0,
              9698270.0
            ],
            [
              501030.0,
              9698280.0
            ],
            [
              501020.0,
              9698280.0
            ],
            [
              501020.0,
              9698290.0
            ],
            [
              501010.0,
              9698290.0
            ]
          ]
        ]
      },
      "properties": {
        "alert_id": "DEF_2026_0134",
        "area_ha": 0.54,
        "perimeter_m": 140.0,
        "severity": "High Severity",
        "driver": "Road Encroachment",
        "mean_dnbr": 0.75,
        "centroid_x": 501010.0,
        "centroid_y": 9698275.0,
        "status": "Verified Alert"
      }
    },
    {
      "type": "Feature",
      "geometry": {
        "type": "Polygon",
        "coordinates": [
          [
            [
              500830.0,
              9698270.0
            ],
            [
              500830.0,
              9698260.0
            ],
            [
              500840.0,
              9698260.0
            ],
            [
              500840.0,
              9698270.0
            ],
            [
              500830.0,
              9698270.0
            ]
          ]
        ]
      },
      "properties": {
        "alert_id": "DEF_2026_0135",
        "area_ha": 0.09,
        "perimeter_m": 40.0,
        "severity": "High Severity",
        "driver": "Driver 0",
        "mean_dnbr": 0.776,
        "centroid_x": 500835.0,
        "centroid_y": 9698265.0,
        "status": "Verified Alert"
      }
    },
    {
      "type": "Feature",
      "geometry": {
        "type": "Polygon",
        "coordinates": [
          [
            [
              500860.0,
              9698270.0
            ],
            [
              500860.0,
              9698260.0
            ],
            [
              500870.0,
              9698260.0
            ],
            [
              500870.0,
              9698270.0
            ],
            [
              500860.0,
              9698270.0
            ]
          ]
        ]
      },
      "properties": {
        "alert_id": "DEF_2026_0136",
        "area_ha": 0.09,
        "perimeter_m": 40.0,
        "severity": "High Severity",
        "driver": "Driver 0",
        "mean_dnbr": 0.744,
        "centroid_x": 500865.0,
        "centroid_y": 9698265.0,
        "status": "Verified Alert"
      }
    },
    {
      "type": "Feature",
      "geometry": {
        "type": "Polygon",
        "coordinates": [
          [
            [
              500900.0,
              9698270.0
            ],
            [
              500900.0,
              9698260.0
            ],
            [
              500910.0,
              9698260.0
            ],
            [
              500910.0,
              9698270.0
            ],
            [
              500900.0,
              9698270.0
            ]
          ]
        ]
      },
      "properties": {
        "alert_id": "DEF_2026_0137",
        "area_ha": 0.09,
        "perimeter_m": 40.0,
        "severity": "High Severity",
        "driver": "Driver 0",
        "mean_dnbr": 0.767,
        "centroid_x": 500905.0,
        "centroid_y": 9698265.0,
        "status": "Verified Alert"
      }
    },
    {
      "type": "Feature",
      "geometry": {
        "type": "Polygon",
        "coordinates": [
          [
            [
              500940.0,
              9698270.0
            ],
            [
              500940.0,
              9698260.0
            ],
            [
              500950.0,
              9698260.0
            ],
            [
              500950.0,
              9698270.0
            ],
            [
              500940.0,
              9698270.0
            ]
          ]
        ]
      },
      "properties": {
        "alert_id": "DEF_2026_0138",
        "area_ha": 0.09,
        "perimeter_m": 40.0,
        "severity": "High Severity",
        "driver": "Driver 0",
        "mean_dnbr": 0.755,
        "centroid_x": 500945.0,
        "centroid_y": 9698265.0,
        "status": "Verified Alert"
      }
    },
    {
      "type": "Feature",
      "geometry": {
        "type": "Polygon",
        "coordinates": [
          [
            [
              500970.0,
              9698270.0
            ],
            [
              500970.0,
              9698260.0
            ],
            [
              500980.0,
              9698260.0
            ],
            [
              500980.0,
              9698270.0
            ],
            [
              500970.0,
              9698270.0
            ]
          ]
        ]
      },
      "properties": {
        "alert_id": "DEF_2026_0139",
        "area_ha": 0.09,
        "perimeter_m": 40.0,
        "severity": "High Severity",
        "driver": "Driver 0",
        "mean_dnbr": 0.757,
        "centroid_x": 500975.0,
        "centroid_y": 9698265.0,
        "status": "Verified Alert"
      }
    },
    {
      "type": "Feature",
      "geometry": {
        "type": "Polygon",
        "coordinates": [
          [
            [
              502040.0,
              9698270.0
            ],
            [
              502040.0,
              9698260.0
            ],
            [
              502050.0,
              9698260.0
            ],
            [
              502050.0,
              9698270.0
            ],
            [
              502040.0,
              9698270.0
            ]
          ]
        ]
      },
      "properties": {
        "alert_id": "DEF_2026_0140",
        "area_ha": 0.09,
        "perimeter_m": 40.0,
        "severity": "High Severity",
        "driver": "Wildfire Scar",
        "mean_dnbr": 0.692,
        "centroid_x": 502045.0,
        "centroid_y": 9698265.0,
        "status": "Verified Alert"
      }
    },
    {
      "type": "Feature",
      "geometry": {
        "type": "Polygon",
        "coordinates": [
          [
            [
              502030.0,
              9698260.0
            ],
            [
              502030.0,
              9698250.0
            ],
            [
              502040.0,
              9698250.0
            ],
            [
              502040.0,
              9698260.0
            ],
            [
              502030.0,
              9698260.0
            ]
          ]
        ]
      },
      "properties": {
        "alert_id": "DEF_2026_0141",
        "area_ha": 0.09,
        "perimeter_m": 40.0,
        "severity": "High Severity",
        "driver": "Wildfire Scar",
        "mean_dnbr": 0.724,
        "centroid_x": 502035.0,
        "centroid_y": 9698255.0,
        "status": "Verified Alert"
      }
    },
    {
      "type": "Feature",
      "geometry": {
        "type": "Polygon",
        "coordinates": [
          [
            [
              501360.0,
              9698260.0
            ],
            [
              501360.0,
              9698240.0
            ],
            [
              501370.0,
              9698240.0
            ],
            [
              501370.0,
              9698260.0
            ],
            [
              501360.0,
              9698260.0
            ]
          ]
        ]
      },
      "properties": {
        "alert_id": "DEF_2026_0142",
        "area_ha": 0.18,
        "perimeter_m": 60.0,
        "severity": "High Severity",
        "driver": "Agricultural Clearcut",
        "mean_dnbr": 0.713,
        "centroid_x": 501365.0,
        "centroid_y": 9698250.0,
        "status": "Verified Alert"
      }
    },
    {
      "type": "Feature",
      "geometry": {
        "type": "Polygon",
        "coordinates": [
          [
            [
              500810.0,
              9698250.0
            ],
            [
              500810.0,
              9698240.0
            ],
            [
              500820.0,
              9698240.0
            ],
            [
              500820.0,
              9698250.0
            ],
            [
              500810.0,
              9698250.0
            ]
          ]
        ]
      },
      "properties": {
        "alert_id": "DEF_2026_0143",
        "area_ha": 0.09,
        "perimeter_m": 40.0,
        "severity": "High Severity",
        "driver": "Driver 0",
        "mean_dnbr": 0.752,
        "centroid_x": 500815.0,
        "centroid_y": 9698245.0,
        "status": "Verified Alert"
      }
    },
    {
      "type": "Feature",
      "geometry": {
        "type": "Polygon",
        "coordinates": [
          [
            [
              500860.0,
              9698250.0
            ],
            [
              500860.0,
              9698240.0
            ],
            [
              500870.0,
              9698240.0
            ],
            [
              500870.0,
              9698250.0
            ],
            [
              500860.0,
              9698250.0
            ]
          ]
        ]
      },
      "properties": {
        "alert_id": "DEF_2026_0144",
        "area_ha": 0.09,
        "perimeter_m": 40.0,
        "severity": "High Severity",
        "driver": "Driver 0",
        "mean_dnbr": 0.73,
        "centroid_x": 500865.0,
        "centroid_y": 9698245.0,
        "status": "Verified Alert"
      }
    },
    {
      "type": "Feature",
      "geometry": {
        "type": "Polygon",
        "coordinates": [
          [
            [
              501190.0,
              9698250.0
            ],
            [
              501190.0,
              9698240.0
            ],
            [
              501220.0,
              9698240.0
            ],
            [
              501220.0,
              9698250.0
            ],
            [
              501190.0,
              9698250.0
            ]
          ]
        ]
      },
      "properties": {
        "alert_id": "DEF_2026_0145",
        "area_ha": 0.27,
        "perimeter_m": 80.0,
        "severity": "High Severity",
        "driver": "Driver 0",
        "mean_dnbr": 0.715,
        "centroid_x": 501205.0,
        "centroid_y": 9698245.0,
        "status": "Verified Alert"
      }
    },
    {
      "type": "Feature",
      "geometry": {
        "type": "Polygon",
        "coordinates": [
          [
            [
              502020.0,
              9698250.0
            ],
            [
              502020.0,
              9698240.0
            ],
            [
              502030.0,
              9698240.0
            ],
            [
              502030.0,
              9698250.0
            ],
            [
              502020.0,
              9698250.0
            ]
          ]
        ]
      },
      "properties": {
        "alert_id": "DEF_2026_0146",
        "area_ha": 0.09,
        "perimeter_m": 40.0,
        "severity": "High Severity",
        "driver": "Wildfire Scar",
        "mean_dnbr": 0.728,
        "centroid_x": 502025.0,
        "centroid_y": 9698245.0,
        "status": "Verified Alert"
      }
    },
    {
      "type": "Feature",
      "geometry": {
        "type": "Polygon",
        "coordinates": [
          [
            [
              500840.0,
              9698240.0
            ],
            [
              500840.0,
              9698230.0
            ],
            [
              500850.0,
              9698230.0
            ],
            [
              500850.0,
              9698240.0
            ],
            [
              500840.0,
              9698240.0
            ]
          ]
        ]
      },
      "properties": {
        "alert_id": "DEF_2026_0147",
        "area_ha": 0.09,
        "perimeter_m": 40.0,
        "severity": "High Severity",
        "driver": "Driver 0",
        "mean_dnbr": 0.754,
        "centroid_x": 500845.0,
        "centroid_y": 9698235.0,
        "status": "Verified Alert"
      }
    },
    {
      "type": "Feature",
      "geometry": {
        "type": "Polygon",
        "coordinates": [
          [
            [
              501180.0,
              9698240.0
            ],
            [
              501180.0,
              9698230.0
            ],
            [
              501190.0,
              9698230.0
            ],
            [
              501190.0,
              9698240.0
            ],
            [
              501180.0,
              9698240.0
            ]
          ]
        ]
      },
      "properties": {
        "alert_id": "DEF_2026_0148",
        "area_ha": 0.09,
        "perimeter_m": 40.0,
        "severity": "High Severity",
        "driver": "Driver 0",
        "mean_dnbr": 0.741,
        "centroid_x": 501185.0,
        "centroid_y": 9698235.0,
        "status": "Verified Alert"
      }
    },
    {
      "type": "Feature",
      "geometry": {
        "type": "Polygon",
        "coordinates": [
          [
            [
              501370.0,
              9698240.0
            ],
            [
              501370.0,
              9698220.0
            ],
            [
              501380.0,
              9698220.0
            ],
            [
              501380.0,
              9698240.0
            ],
            [
              501370.0,
              9698240.0
            ]
          ]
        ]
      },
      "properties": {
        "alert_id": "DEF_2026_0149",
        "area_ha": 0.18,
        "perimeter_m": 60.0,
        "severity": "High Severity",
        "driver": "Agricultural Clearcut",
        "mean_dnbr": 0.716,
        "centroid_x": 501375.0,
        "centroid_y": 9698230.0,
        "status": "Verified Alert"
      }
    },
    {
      "type": "Feature",
      "geometry": {
        "type": "Polygon",
        "coordinates": [
          [
            [
              500830.0,
              9698230.0
            ],
            [
              500830.0,
              9698220.0
            ],
            [
              500840.0,
              9698220.0
            ],
            [
              500840.0,
              9698230.0
            ],
            [
              500830.0,
              9698230.0
            ]
          ]
        ]
      },
      "properties": {
        "alert_id": "DEF_2026_0150",
        "area_ha": 0.09,
        "perimeter_m": 40.0,
        "severity": "High Severity",
        "driver": "Driver 0",
        "mean_dnbr": 0.773,
        "centroid_x": 500835.0,
        "centroid_y": 9698225.0,
        "status": "Verified Alert"
      }
    },
    {
      "type": "Feature",
      "geometry": {
        "type": "Polygon",
        "coordinates": [
          [
            [
              501190.0,
              9698230.0
            ],
            [
              501190.0,
              9698220.0
            ],
            [
              501210.0,
              9698220.0
            ],
            [
              501210.0,
              9698230.0
            ],
            [
              501190.0,
              9698230.0
            ]
          ]
        ]
      },
      "properties": {
        "alert_id": "DEF_2026_0151",
        "area_ha": 0.18,
        "perimeter_m": 60.0,
        "severity": "High Severity",
        "driver": "Driver 0",
        "mean_dnbr": 0.722,
        "centroid_x": 501200.0,
        "centroid_y": 9698225.0,
        "status": "Verified Alert"
      }
    },
    {
      "type": "Feature",
      "geometry": {
        "type": "Polygon",
        "coordinates": [
          [
            [
              501260.0,
              9698230.0
            ],
            [
              501260.0,
              9698220.0
            ],
            [
              501270.0,
              9698220.0
            ],
            [
              501270.0,
              9698230.0
            ],
            [
              501260.0,
              9698230.0
            ]
          ]
        ]
      },
      "properties": {
        "alert_id": "DEF_2026_0152",
        "area_ha": 0.09,
        "perimeter_m": 40.0,
        "severity": "High Severity",
        "driver": "Agricultural Clearcut",
        "mean_dnbr": 0.712,
        "centroid_x": 501265.0,
        "centroid_y": 9698225.0,
        "status": "Verified Alert"
      }
    },
    {
      "type": "Feature",
      "geometry": {
        "type": "Polygon",
        "coordinates": [
          [
            [
              502020.0,
              9698230.0
            ],
            [
              502020.0,
              9698220.0
            ],
            [
              502030.0,
              9698220.0
            ],
            [
              502030.0,
              9698230.0
            ],
            [
              502020.0,
              9698230.0
            ]
          ]
        ]
      },
      "properties": {
        "alert_id": "DEF_2026_0153",
        "area_ha": 0.09,
        "perimeter_m": 40.0,
        "severity": "High Severity",
        "driver": "Wildfire Scar",
        "mean_dnbr": 0.738,
        "centroid_x": 502025.0,
        "centroid_y": 9698225.0,
        "status": "Verified Alert"
      }
    },
    {
      "type": "Feature",
      "geometry": {
        "type": "Polygon",
        "coordinates": [
          [
            [
              500790.0,
              9698220.0
            ],
            [
              500790.0,
              9698210.0
            ],
            [
              500810.0,
              9698210.0
            ],
            [
              500810.0,
              9698220.0
            ],
            [
              500790.0,
              9698220.0
            ]
          ]
        ]
      },
      "properties": {
        "alert_id": "DEF_2026_0154",
        "area_ha": 0.18,
        "perimeter_m": 60.0,
        "severity": "High Severity",
        "driver": "Road Encroachment",
        "mean_dnbr": 0.767,
        "centroid_x": 500800.0,
        "centroid_y": 9698215.0,
        "status": "Verified Alert"
      }
    },
    {
      "type": "Feature",
      "geometry": {
        "type": "Polygon",
        "coordinates": [
          [
            [
              501250.0,
              9698220.0
            ],
            [
              501250.0,
              9698210.0
            ],
            [
              501260.0,
              9698210.0
            ],
            [
              501260.0,
              9698220.0
            ],
            [
              501250.0,
              9698220.0
            ]
          ]
        ]
      },
      "properties": {
        "alert_id": "DEF_2026_0155",
        "area_ha": 0.09,
        "perimeter_m": 40.0,
        "severity": "High Severity",
        "driver": "Agricultural Clearcut",
        "mean_dnbr": 0.705,
        "centroid_x": 501255.0,
        "centroid_y": 9698215.0,
        "status": "Verified Alert"
      }
    },
    {
      "type": "Feature",
      "geometry": {
        "type": "Polygon",
        "coordinates": [
          [
            [
              501360.0,
              9698220.0
            ],
            [
              501360.0,
              9698210.0
            ],
            [
              501370.0,
              9698210.0
            ],
            [
              501370.0,
              9698220.0
            ],
            [
              501360.0,
              9698220.0
            ]
          ]
        ]
      },
      "properties": {
        "alert_id": "DEF_2026_0156",
        "area_ha": 0.09,
        "perimeter_m": 40.0,
        "severity": "High Severity",
        "driver": "Agricultural Clearcut",
        "mean_dnbr": 0.694,
        "centroid_x": 501365.0,
        "centroid_y": 9698215.0,
        "status": "Verified Alert"
      }
    },
    {
      "type": "Feature",
      "geometry": {
        "type": "Polygon",
        "coordinates": [
          [
            [
              501380.0,
              9698220.0
            ],
            [
              501380.0,
              9698210.0
            ],
            [
              501390.0,
              9698210.0
            ],
            [
              501390.0,
              9698220.0
            ],
            [
              501380.0,
              9698220.0
            ]
          ]
        ]
      },
      "properties": {
        "alert_id": "DEF_2026_0157",
        "area_ha": 0.09,
        "perimeter_m": 40.0,
        "severity": "High Severity",
        "driver": "Agricultural Clearcut",
        "mean_dnbr": 0.693,
        "centroid_x": 501385.0,
        "centroid_y": 9698215.0,
        "status": "Verified Alert"
      }
    },
    {
      "type": "Feature",
      "geometry": {
        "type": "Polygon",
        "coordinates": [
          [
            [
              502030.0,
              9698220.0
            ],
            [
              502030.0,
              9698210.0
            ],
            [
              502040.0,
              9698210.0
            ],
            [
              502040.0,
              9698220.0
            ],
            [
              502030.0,
              9698220.0
            ]
          ]
        ]
      },
      "properties": {
        "alert_id": "DEF_2026_0158",
        "area_ha": 0.09,
        "perimeter_m": 40.0,
        "severity": "High Severity",
        "driver": "Wildfire Scar",
        "mean_dnbr": 0.727,
        "centroid_x": 502035.0,
        "centroid_y": 9698215.0,
        "status": "Verified Alert"
      }
    },
    {
      "type": "Feature",
      "geometry": {
        "type": "Polygon",
        "coordinates": [
          [
            [
              500780.0,
              9698200.0
            ],
            [
              500780.0,
              9698180.0
            ],
            [
              500790.0,
              9698180.0
            ],
            [
              500790.0,
              9698200.0
            ],
            [
              500780.0,
              9698200.0
            ]
          ]
        ]
      },
      "properties": {
        "alert_id": "DEF_2026_0159",
        "area_ha": 0.18,
        "perimeter_m": 60.0,
        "severity": "High Severity",
        "driver": "Road Encroachment",
        "mean_dnbr": 0.746,
        "centroid_x": 500785.0,
        "centroid_y": 9698190.0,
        "status": "Verified Alert"
      }
    },
    {
      "type": "Feature",
      "geometry": {
        "type": "Polygon",
        "coordinates": [
          [
            [
              501290.0,
              9698200.0
            ],
            [
              501290.0,
              9698180.0
            ],
            [
              501310.0,
              9698180.0
            ],
            [
              501310.0,
              9698190.0
            ],
            [
              501300.0,
              9698190.0
            ],
            [
              501300.0,
              9698200.0
            ],
            [
              501290.0,
              9698200.0
            ]
          ]
        ]
      },
      "properties": {
        "alert_id": "DEF_2026_0160",
        "area_ha": 0.27,
        "perimeter_m": 80.0,
        "severity": "High Severity",
        "driver": "Agricultural Clearcut",
        "mean_dnbr": 0.712,
        "centroid_x": 501298.333333,
        "centroid_y": 9698188.333333,
        "status": "Verified Alert"
      }
    },
    {
      "type": "Feature",
      "geometry": {
        "type": "Polygon",
        "coordinates": [
          [
            [
              500750.0,
              9698190.0
            ],
            [
              500750.0,
              9698180.0
            ],
            [
              500760.0,
              9698180.0
            ],
            [
              500760.0,
              9698190.0
            ],
            [
              500750.0,
              9698190.0
            ]
          ]
        ]
      },
      "properties": {
        "alert_id": "DEF_2026_0161",
        "area_ha": 0.09,
        "perimeter_m": 40.0,
        "severity": "High Severity",
        "driver": "Driver 0",
        "mean_dnbr": 0.737,
        "centroid_x": 500755.0,
        "centroid_y": 9698185.0,
        "status": "Verified Alert"
      }
    },
    {
      "type": "Feature",
      "geometry": {
        "type": "Polygon",
        "coordinates": [
          [
            [
              500860.0,
              9698230.0
            ],
            [
              500860.0,
              9698220.0
            ],
            [
              500850.0,
              9698220.0
            ],
            [
              500850.0,
              9698200.0
            ],
            [
              500830.0,
              9698200.0
            ],
            [
              500830.0,
              9698190.0
            ],
            [
              500820.0,
              9698190.0
            ],
            [
              500820.0,
              9698210.0
            ],
            [
              500810.0,
              9698210.0
            ],
            [
              500810.0,
              9698180.0
            ],
            [
              500820.0,
              9698180.0
            ],
            [
              500820.0,
              9698170.0
            ],
            [
              500840.0,
              9698170.0
            ],
            [
              500840.0,
              9698180.0
            ],
            [
              500850.0,
              9698180.0
            ],
            [
              500850.0,
              9698190.0
            ],
            [
              500860.0,
              9698190.0
            ],
            [
              500860.0,
              9698210.0
            ],
            [
              500870.0,
              9698210.0
            ],
            [
              500870.0,
              9698230.0
            ],
            [
              500860.0,
              9698230.0
            ]
          ]
        ]
      },
      "properties": {
        "alert_id": "DEF_2026_0162",
        "area_ha": 1.35,
        "perimeter_m": 280.0,
        "severity": "High Severity",
        "driver": "Road Encroachment",
        "mean_dnbr": 0.749,
        "centroid_x": 500839.0,
        "centroid_y": 9698195.666667,
        "status": "Verified Alert"
      }
    },
    {
      "type": "Feature",
      "geometry": {
        "type": "Polygon",
        "coordinates": [
          [
            [
              500770.0,
              9698180.0
            ],
            [
              500770.0,
              9698170.0
            ],
            [
              500780.0,
              9698170.0
            ],
            [
              500780.0,
              9698180.0
            ],
            [
              500770.0,
              9698180.0
            ]
          ]
        ]
      },
      "properties": {
        "alert_id": "DEF_2026_0163",
        "area_ha": 0.09,
        "perimeter_m": 40.0,
        "severity": "High Severity",
        "driver": "Road Encroachment",
        "mean_dnbr": 0.744,
        "centroid_x": 500775.0,
        "centroid_y": 9698175.0,
        "status": "Verified Alert"
      }
    },
    {
      "type": "Feature",
      "geometry": {
        "type": "Polygon",
        "coordinates": [
          [
            [
              501380.0,
              9698180.0
            ],
            [
              501380.0,
              9698170.0
            ],
            [
              501390.0,
              9698170.0
            ],
            [
              501390.0,
              9698180.0
            ],
            [
              501380.0,
              9698180.0
            ]
          ]
        ]
      },
      "properties": {
        "alert_id": "DEF_2026_0164",
        "area_ha": 0.09,
        "perimeter_m": 40.0,
        "severity": "High Severity",
        "driver": "Agricultural Clearcut",
        "mean_dnbr": 0.7,
        "centroid_x": 501385.0,
        "centroid_y": 9698175.0,
        "status": "Verified Alert"
      }
    },
    {
      "type": "Feature",
      "geometry": {
        "type": "Polygon",
        "coordinates": [
          [
            [
              501400.0,
              9698180.0
            ],
            [
              501400.0,
              9698170.0
            ],
            [
              501420.0,
              9698170.0
            ],
            [
              501420.0,
              9698180.0
            ],
            [
              501400.0,
              9698180.0
            ]
          ]
        ]
      },
      "properties": {
        "alert_id": "DEF_2026_0165",
        "area_ha": 0.18,
        "perimeter_m": 60.0,
        "severity": "High Severity",
        "driver": "Agricultural Clearcut",
        "mean_dnbr": 0.706,
        "centroid_x": 501410.0,
        "centroid_y": 9698175.0,
        "status": "Verified Alert"
      }
    },
    {
      "type": "Feature",
      "geometry": {
        "type": "Polygon",
        "coordinates": [
          [
            [
              501310.0,
              9698180.0
            ],
            [
              501310.0,
              9698160.0
            ],
            [
              501320.0,
              9698160.0
            ],
            [
              501320.0,
              9698180.0
            ],
            [
              501310.0,
              9698180.0
            ]
          ]
        ]
      },
      "properties": {
        "alert_id": "DEF_2026_0166",
        "area_ha": 0.18,
        "perimeter_m": 60.0,
        "severity": "High Severity",
        "driver": "Agricultural Clearcut",
        "mean_dnbr": 0.713,
        "centroid_x": 501315.0,
        "centroid_y": 9698170.0,
        "status": "Verified Alert"
      }
    },
    {
      "type": "Feature",
      "geometry": {
        "type": "Polygon",
        "coordinates": [
          [
            [
              500740.0,
              9698170.0
            ],
            [
              500740.0,
              9698160.0
            ],
            [
              500750.0,
              9698160.0
            ],
            [
              500750.0,
              9698170.0
            ],
            [
              500740.0,
              9698170.0
            ]
          ]
        ]
      },
      "properties": {
        "alert_id": "DEF_2026_0167",
        "area_ha": 0.09,
        "perimeter_m": 40.0,
        "severity": "High Severity",
        "driver": "Driver 0",
        "mean_dnbr": 0.728,
        "centroid_x": 500745.0,
        "centroid_y": 9698165.0,
        "status": "Verified Alert"
      }
    },
    {
      "type": "Feature",
      "geometry": {
        "type": "Polygon",
        "coordinates": [
          [
            [
              501980.0,
              9698170.0
            ],
            [
              501980.0,
              9698160.0
            ],
            [
              501990.0,
              9698160.0
            ],
            [
              501990.0,
              9698170.0
            ],
            [
              501980.0,
              9698170.0
            ]
          ]
        ]
      },
      "properties": {
        "alert_id": "DEF_2026_0168",
        "area_ha": 0.09,
        "perimeter_m": 40.0,
        "severity": "High Severity",
        "driver": "Wildfire Scar",
        "mean_dnbr": 0.705,
        "centroid_x": 501985.0,
        "centroid_y": 9698165.0,
        "status": "Verified Alert"
      }
    },
    {
      "type": "Feature",
      "geometry": {
        "type": "Polygon",
        "coordinates": [
          [
            [
              501960.0,
              9698170.0
            ],
            [
              501960.0,
              9698150.0
            ],
            [
              501970.0,
              9698150.0
            ],
            [
              501970.0,
              9698170.0
            ],
            [
              501960.0,
              9698170.0
            ]
          ]
        ]
      },
      "properties": {
        "alert_id": "DEF_2026_0169",
        "area_ha": 0.18,
        "perimeter_m": 60.0,
        "severity": "High Severity",
        "driver": "Wildfire Scar",
        "mean_dnbr": 0.706,
        "centroid_x": 501965.0,
        "centroid_y": 9698160.0,
        "status": "Verified Alert"
      }
    },
    {
      "type": "Feature",
      "geometry": {
        "type": "Polygon",
        "coordinates": [
          [
            [
              500720.0,
              9698160.0
            ],
            [
              500720.0,
              9698140.0
            ],
            [
              500730.0,
              9698140.0
            ],
            [
              500730.0,
              9698160.0
            ],
            [
              500720.0,
              9698160.0
            ]
          ]
        ]
      },
      "properties": {
        "alert_id": "DEF_2026_0170",
        "area_ha": 0.18,
        "perimeter_m": 60.0,
        "severity": "High Severity",
        "driver": "Driver 0",
        "mean_dnbr": 0.713,
        "centroid_x": 500725.0,
        "centroid_y": 9698150.0,
        "status": "Verified Alert"
      }
    },
    {
      "type": "Feature",
      "geometry": {
        "type": "Polygon",
        "coordinates": [
          [
            [
              501390.0,
              9698160.0
            ],
            [
              501390.0,
              9698150.0
            ],
            [
              501410.0,
              9698150.0
            ],
            [
              501410.0,
              9698140.0
            ],
            [
              501420.0,
              9698140.0
            ],
            [
              501420.0,
              9698160.0
            ],
            [
              501390.0,
              9698160.0
            ]
          ]
        ]
      },
      "properties": {
        "alert_id": "DEF_2026_0171",
        "area_ha": 0.36,
        "perimeter_m": 100.0,
        "severity": "High Severity",
        "driver": "Agricultural Clearcut",
        "mean_dnbr": 0.707,
        "centroid_x": 501407.5,
        "centroid_y": 9698152.5,
        "status": "Verified Alert"
      }
    },
    {
      "type": "Feature",
      "geometry": {
        "type": "Polygon",
        "coordinates": [
          [
            [
              502150.0,
              9699060.0
            ],
            [
              502150.0,
              9699040.0
            ],
            [
              502140.0,
              9699040.0
            ],
            [
              502140.0,
              9699030.0
            ],
            [
              502130.0,
              9699030.0
            ],
            [
              502130.0,
              9699040.0
            ],
            [
              502120.0,
              9699040.0
            ],
            [
              502120.0,
              9699030.0
            ],
            [
              502100.0,
              9699030.0
            ],
            [
              502100.0,
              9699000.0
            ],
            [
              502090.0,
              9699000.0
            ],
            [
              502090.0,
              9699020.0
            ],
            [
              502070.0,
              9699020.0
            ],
            [
              502070.0,
              9699030.0
            ],
            [
              502060.0,
              9699030.0
            ],
            [
              502060.0,
              9699040.0
            ],
            [
              502040.0,
              9699040.0
            ],
            [
              502040.0,
              9699030.0
            ],
            [
              502050.0,
              9699030.0
            ],
            [
              502050.0,
              9698990.0
            ],
            [
              502040.0,
              9698990.0
            ],
            [
              502040.0,
              9699000.0
            ],
            [
              502030.0,
              9699000.0
            ],
            [
              502030.0,
              9699010.0
            ],
            [
              502020.0,
              9699010.0
            ],
            [
              502020.0,
              9699020.0
            ],
            [
              502010.0,
              9699020.0
            ],
            [
              502010.0,
              9699000.0
            ],
            [
              501980.0,
              9699000.0
            ],
            [
              501980.0,
              9698970.0
            ],
            [
              501960.0,
              9698970.0
            ],
            [
              501960.0,
              9698960.0
            ],
            [
              501940.0,
              9698960.0
            ],
            [
              501940.0,
              9698950.0
            ],
            [
              501920.0,
              9698950.0
            ],
            [
              501920.0,
              9698940.0
            ],
            [
              501910.0,
              9698940.0
            ],
            [
              501910.0,
              9698950.0
            ],
            [
              501900.0,
              9698950.0
            ],
            [
              501900.0,
              9698940.0
            ],
            [
              501890.0,
              9698940.0
            ],
            [
              501890.0,
              9698920.0
            ],
            [
              501870.0,
              9698920.0
            ],
            [
              501870.0,
              9698910.0
            ],
            [
              501860.0,
              9698910.0
            ],
            [
              501860.0,
              9698920.0
            ],
            [
              501850.0,
              9698920.0
            ],
            [
              501850.0,
              9698900.0
            ],
            [
              501840.0,
              9698900.0
            ],
            [
              501840.0,
              9698910.0
            ],
            [
              501830.0,
              9698910.0
            ],
            [
              501830.0,
              9698900.0
            ],
            [
              501820.0,
              9698900.0
            ],
            [
              501820.0,
              9698880.0
            ],
            [
              501830.0,
              9698880.0
            ],
            [
              501830.0,
              9698890.0
            ],
            [
              501840.0,
              9698890.0
            ],
            [
              501840.0,
              9698880.0
            ],
            [
              501850.0,
              9698880.0
            ],
            [
              501850.0,
              9698870.0
            ],
            [
              501840.0,
              9698870.0
            ],
            [
              501840.0,
              9698860.0
            ],
            [
              501830.0,
              9698860.0
            ],
            [
              501830.0,
              9698850.0
            ],
            [
              501840.0,
              9698850.0
            ],
            [
              501840.0,
              9698840.0
            ],
            [
              501820.0,
              9698840.0
            ],
            [
              501820.0,
              9698860.0
            ],
            [
              501810.0,
              9698860.0
            ],
            [
              501810.0,
              9698830.0
            ],
            [
              501820.0,
              9698830.0
            ],
            [
              501820.0,
              9698780.0
            ],
            [
              501800.0,
              9698780.0
            ],
            [
              501800.0,
              9698770.0
            ],
            [
              501810.0,
              9698770.0
            ],
            [
              501810.0,
              9698750.0
            ],
            [
              501820.0,
              9698750.0
            ],
            [
              501820.0,
              9698740.0
            ],
            [
              501810.0,
              9698740.0
            ],
            [
              501810.0,
              9698730.0
            ],
            [
              501800.0,
              9698730.0
            ],
            [
              501800.0,
              9698720.0
            ],
            [
              501790.0,
              9698720.0
            ],
            [
              501790.0,
              9698700.0
            ],
            [
              501800.0,
              9698700.0
            ],
            [
              501800.0,
              9698680.0
            ],
            [
              501810.0,
              9698680.0
            ],
            [
              501810.0,
              9698670.0
            ],
            [
              501820.0,
              9698670.0
            ],
            [
              501820.0,
              9698640.0
            ],
            [
              501810.0,
              9698640.0
            ],
            [
              501810.0,
              9698650.0
            ],
            [
              501800.0,
              9698650.0
            ],
            [
              501800.0,
              9698660.0
            ],
            [
              501790.0,
              9698660.0
            ],
            [
              501790.0,
              9698610.0
            ],
            [
              501800.0,
              9698610.0
            ],
            [
              501800.0,
              9698630.0
            ],
            [
              501830.0,
              9698630.0
            ],
            [
              501830.0,
              9698620.0
            ],
            [
              501850.0,
              9698620.0
            ],
            [
              501850.0,
              9698610.0
            ],
            [
              501860.0,
              9698610.0
            ],
            [
              501860.0,
              9698600.0
            ],
            [
              501870.0,
              9698600.0
            ],
            [
              501870.0,
              9698590.0
            ],
            [
              501860.0,
              9698590.0
            ],
            [
              501860.0,
              9698570.0
            ],
            [
              501880.0,
              9698570.0
            ],
            [
              501880.0,
              9698550.0
            ],
            [
              501870.0,
              9698550.0
            ],
            [
              501870.0,
              9698540.0
            ],
            [
              501910.0,
              9698540.0
            ],
            [
              501910.0,
              9698520.0
            ],
            [
              501920.0,
              9698520.0
            ],
            [
              501920.0,
              9698530.0
            ],
            [
              501930.0,
              9698530.0
            ],
            [
              501930.0,
              9698520.0
            ],
            [
              501940.0,
              9698520.0
            ],
            [
              501940.0,
              9698530.0
            ],
            [
              501960.0,
              9698530.0
            ],
            [
              501960.0,
              9698520.0
            ],
            [
              501950.0,
              9698520.0
            ],
            [
              501950.0,
              9698510.0
            ],
            [
              501960.0,
              9698510.0
            ],
            [
              501960.0,
              9698500.0
            ],
            [
              501970.0,
              9698500.0
            ],
            [
              501970.0,
              9698490.0
            ],
            [
              501950.0,
              9698490.0
            ],
            [
              501950.0,
              9698480.0
            ],
            [
              501960.0,
              9698480.0
            ],
            [
              501960.0,
              9698470.0
            ],
            [
              501970.0,
              9698470.0
            ],
            [
              501970.0,
              9698480.0
            ],
            [
              502000.0,
              9698480.0
            ],
            [
              502000.0,
              9698470.0
            ],
            [
              502010.0,
              9698470.0
            ],
            [
              502010.0,
              9698460.0
            ],
            [
              502020.0,
              9698460.0
            ],
            [
              502020.0,
              9698480.0
            ],
            [
              502030.0,
              9698480.0
            ],
            [
              502030.0,
              9698460.0
            ],
            [
              502040.0,
              9698460.0
            ],
            [
              502040.0,
              9698470.0
            ],
            [
              502050.0,
              9698470.0
            ],
            [
              502050.0,
              9698480.0
            ],
            [
              502080.0,
              9698480.0
            ],
            [
              502080.0,
              9698490.0
            ],
            [
              502090.0,
              9698490.0
            ],
            [
              502090.0,
              9698480.0
            ],
            [
              502100.0,
              9698480.0
            ],
            [
              502100.0,
              9698470.0
            ],
            [
              502080.0,
              9698470.0
            ],
            [
              502080.0,
              9698460.0
            ],
            [
              502090.0,
              9698460.0
            ],
            [
              502090.0,
              9698450.0
            ],
            [
              502080.0,
              9698450.0
            ],
            [
              502080.0,
              9698440.0
            ],
            [
              502090.0,
              9698440.0
            ],
            [
              502090.0,
              9698430.0
            ],
            [
              502060.0,
              9698430.0
            ],
            [
              502060.0,
              9698420.0
            ],
            [
              501990.0,
              9698420.0
            ],
            [
              501990.0,
              9698410.0
            ],
            [
              501930.0,
              9698410.0
            ],
            [
              501930.0,
              9698400.0
            ],
            [
              501920.0,
              9698400.0
            ],
            [
              501920.0,
              9698420.0
            ],
            [
              501910.0,
              9698420.0
            ],
            [
              501910.0,
              9698410.0
            ],
            [
              501880.0,
              9698410.0
            ],
            [
              501880.0,
              9698440.0
            ],
            [
              501840.0,
              9698440.0
            ],
            [
              501840.0,
              9698430.0
            ],
            [
              501760.0,
              9698430.0
            ],
            [
              501760.0,
              9698460.0
            ],
            [
              501750.0,
              9698460.0
            ],
            [
              501750.0,
              9698450.0
            ],
            [
              501720.0,
              9698450.0
            ],
            [
              501720.0,
              9698440.0
            ],
            [
              501710.0,
              9698440.0
            ],
            [
              501710.0,
              9698450.0
            ],
            [
              501700.0,
              9698450.0
            ],
            [
              501700.0,
              9698440.0
            ],
            [
              501690.0,
              9698440.0
            ],
            [
              501690.0,
              9698450.0
            ],
            [
              501680.0,
              9698450.0
            ],
            [
              501680.0,
              9698460.0
            ],
            [
              501660.0,
              9698460.0
            ],
            [
              501660.0,
              9698450.0
            ],
            [
              501670.0,
              9698450.0
            ],
            [
              501670.0,
              9698440.0
            ],
            [
              501660.0,
              9698440.0
            ],
            [
              501660.0,
              9698430.0
            ],
            [
              501680.0,
              9698430.0
            ],
            [
              501680.0,
              9698420.0
            ],
            [
              501670.0,
              9698420.0
            ],
            [
              501670.0,
              9698410.0
            ],
            [
              501680.0,
              9698410.0
            ],
            [
              501680.0,
              9698400.0
            ],
            [
              501690.0,
              9698400.0
            ],
            [
              501690.0,
              9698390.0
            ],
            [
              501700.0,
              9698390.0
            ],
            [
              501700.0,
              9698370.0
            ],
            [
              501710.0,
              9698370.0
            ],
            [
              501710.0,
              9698360.0
            ],
            [
              501720.0,
              9698360.0
            ],
            [
              501720.0,
              9698350.0
            ],
            [
              501730.0,
              9698350.0
            ],
            [
              501730.0,
              9698340.0
            ],
            [
              501740.0,
              9698340.0
            ],
            [
              501740.0,
              9698320.0
            ],
            [
              501750.0,
              9698320.0
            ],
            [
              501750.0,
              9698310.0
            ],
            [
              501760.0,
              9698310.0
            ],
            [
              501760.0,
              9698300.0
            ],
            [
              501770.0,
              9698300.0
            ],
            [
              501770.0,
              9698280.0
            ],
            [
              501780.0,
              9698280.0
            ],
            [
              501780.0,
              9698270.0
            ],
            [
              501790.0,
              9698270.0
            ],
            [
              501790.0,
              9698260.0
            ],
            [
              501800.0,
              9698260.0
            ],
            [
              501800.0,
              9698250.0
            ],
            [
              501810.0,
              9698250.0
            ],
            [
              501810.0,
              9698240.0
            ],
            [
              501820.0,
              9698240.0
            ],
            [
              501820.0,
              9698230.0
            ],
            [
              501830.0,
              9698230.0
            ],
            [
              501830.0,
              9698220.0
            ],
            [
              501840.0,
              9698220.0
            ],
            [
              501840.0,
              9698200.0
            ],
            [
              501850.0,
              9698200.0
            ],
            [
              501850.0,
              9698190.0
            ],
            [
              501870.0,
              9698190.0
            ],
            [
              501870.0,
              9698180.0
            ],
            [
              501880.0,
              9698180.0
            ],
            [
              501880.0,
              9698170.0
            ],
            [
              501890.0,
              9698170.0
            ],
            [
              501890.0,
              9698160.0
            ],
            [
              501900.0,
              9698160.0
            ],
            [
              501900.0,
              9698150.0
            ],
            [
              501910.0,
              9698150.0
            ],
            [
              501910.0,
              9698140.0
            ],
            [
              501930.0,
              9698140.0
            ],
            [
              501930.0,
              9698130.0
            ],
            [
              501940.0,
              9698130.0
            ],
            [
              501940.0,
              9698140.0
            ],
            [
              501960.0,
              9698140.0
            ],
            [
              501960.0,
              9698150.0
            ],
            [
              501940.0,
              9698150.0
            ],
            [
              501940.0,
              9698170.0
            ],
            [
              501950.0,
              9698170.0
            ],
            [
              501950.0,
              9698180.0
            ],
            [
              501970.0,
              9698180.0
            ],
            [
              501970.0,
              9698170.0
            ],
            [
              501980.0,
              9698170.0
            ],
            [
              501980.0,
              9698190.0
            ],
            [
              502000.0,
              9698190.0
            ],
            [
              502000.0,
              9698180.0
            ],
            [
              502010.0,
              9698180.0
            ],
            [
              502010.0,
              9698200.0
            ],
            [
              502030.0,
              9698200.0
            ],
            [
              502030.0,
              9698210.0
            ],
            [
              502020.0,
              9698210.0
            ],
            [
              502020.0,
              9698220.0
            ],
            [
              502010.0,
              9698220.0
            ],
            [
              502010.0,
              9698230.0
            ],
            [
              502000.0,
              9698230.0
            ],
            [
              502000.0,
              9698250.0
            ],
            [
              502020.0,
              9698250.0
            ],
            [
              502020.0,
              9698260.0
            ],
            [
              502010.0,
              9698260.0
            ],
            [
              502010.0,
              9698270.0
            ],
            [
              502020.0,
              9698270.0
            ],
            [
              502020.0,
              9698280.0
            ],
            [
              502010.0,
              9698280.0
            ],
            [
              502010.0,
              9698300.0
            ],
            [
              502000.0,
              9698300.0
            ],
            [
              502000.0,
              9698310.0
            ],
            [
              501990.0,
              9698310.0
            ],
            [
              501990.0,
              9698330.0
            ],
            [
              502000.0,
              9698330.0
            ],
            [
              502000.0,
              9698340.0
            ],
            [
              501970.0,
              9698340.0
            ],
            [
              501970.0,
              9698370.0
            ],
            [
              501980.0,
              9698370.0
            ],
            [
              501980.0,
              9698380.0
            ],
            [
              501990.0,
              9698380.0
            ],
            [
              501990.0,
              9698390.0
            ],
            [
              502060.0,
              9698390.0
            ],
            [
              502060.0,
              9698400.0
            ],
            [
              502200.0,
              9698400.0
            ],
            [
              502200.0,
              9698390.0
            ],
            [
              502270.0,
              9698390.0
            ],
            [
              502270.0,
              9698380.0
            ],
            [
              502320.0,
              9698380.0
            ],
            [
              502320.0,
              9698370.0
            ],
            [
              502350.0,
              9698370.0
            ],
            [
              502350.0,
              9698360.0
            ],
            [
              502380.0,
              9698360.0
            ],
            [
              502380.0,
              9698350.0
            ],
            [
              502410.0,
              9698350.0
            ],
            [
              502410.0,
              9698340.0
            ],
            [
              502440.0,
              9698340.0
            ],
            [
              502440.0,
              9698330.0
            ],
            [
              502460.0,
              9698330.0
            ],
            [
              502460.0,
              9698320.0
            ],
            [
              502490.0,
              9698320.0
            ],
            [
              502490.0,
              9698310.0
            ],
            [
              502510.0,
              9698310.0
            ],
            [
              502510.0,
              9698300.0
            ],
            [
              502540.0,
              9698300.0
            ],
            [
              502540.0,
              9698290.0
            ],
            [
              502560.0,
              9698290.0
            ],
            [
              502560.0,
              9698320.0
            ],
            [
              502540.0,
              9698320.0
            ],
            [
              502540.0,
              9698330.0
            ],
            [
              502510.0,
              9698330.0
            ],
            [
              502510.0,
              9698340.0
            ],
            [
              502490.0,
              9698340.0
            ],
            [
              502490.0,
              9698350.0
            ],
            [
              502460.0,
              9698350.0
            ],
            [
              502460.0,
              9698360.0
            ],
            [
              502440.0,
              9698360.0
            ],
            [
              502440.0,
              9698370.0
            ],
            [
              502410.0,
              9698370.0
            ],
            [
              502410.0,
              9698380.0
            ],
            [
              502380.0,
              9698380.0
            ],
            [
              502380.0,
              9698390.0
            ],
            [
              502350.0,
              9698390.0
            ],
            [
              502350.0,
              9698400.0
            ],
            [
              502320.0,
              9698400.0
            ],
            [
              502320.0,
              9698410.0
            ],
            [
              502270.0,
              9698410.0
            ],
            [
              502270.0,
              9698420.0
            ],
            [
              502200.0,
              9698420.0
            ],
            [
              502200.0,
              9698430.0
            ],
            [
              502160.0,
              9698430.0
            ],
            [
              502160.0,
              9698440.0
            ],
            [
              502170.0,
              9698440.0
            ],
            [
              502170.0,
              9698450.0
            ],
            [
              502160.0,
              9698450.0
            ],
            [
              502160.0,
              9698460.0
            ],
            [
              502150.0,
              9698460.0
            ],
            [
              502150.0,
              9698430.0
            ],
            [
              502100.0,
              9698430.0
            ],
            [
              502100.0,
              9698440.0
            ],
            [
              502110.0,
              9698440.0
            ],
            [
              502110.0,
              9698450.0
            ],
            [
              502120.0,
              9698450.0
            ],
            [
              502120.0,
              9698460.0
            ],
            [
              502140.0,
              9698460.0
            ],
            [
              502140.0,
              9698470.0
            ],
            [
              502150.0,
              9698470.0
            ],
            [
              502150.0,
              9698480.0
            ],
            [
              502160.0,
              9698480.0
            ],
            [
              502160.0,
              9698470.0
            ],
            [
              502190.0,
              9698470.0
            ],
            [
              502190.0,
              9698480.0
            ],
            [
              502210.0,
              9698480.0
            ],
            [
              502210.0,
              9698490.0
            ],
            [
              502230.0,
              9698490.0
            ],
            [
              502230.0,
              9698480.0
            ],
            [
              502240.0,
              9698480.0
            ],
            [
              502240.0,
              9698500.0
            ],
            [
              502270.0,
              9698500.0
            ],
            [
              502270.0,
              9698490.0
            ],
            [
              502280.0,
              9698490.0
            ],
            [
              502280.0,
              9698500.0
            ],
            [
              502290.0,
              9698500.0
            ],
            [
              502290.0,
              9698490.0
            ],
            [
              502300.0,
              9698490.0
            ],
            [
              502300.0,
              9698510.0
            ],
            [
              502310.0,
              9698510.0
            ],
            [
              502310.0,
              9698520.0
            ],
            [
              502300.0,
              9698520.0
            ],
            [
              502300.0,
              9698570.0
            ],
            [
              502310.0,
              9698570.0
            ],
            [
              502310.0,
              9698560.0
            ],
            [
              502320.0,
              9698560.0
            ],
            [
              502320.0,
              9698540.0
            ],
            [
              502310.0,
              9698540.0
            ],
            [
              502310.0,
              9698530.0
            ],
            [
              502320.0,
              9698530.0
            ],
            [
              502320.0,
              9698510.0
            ],
            [
              502330.0,
              9698510.0
            ],
            [
              502330.0,
              9698520.0
            ],
            [
              502350.0,
              9698520.0
            ],
            [
              502350.0,
              9698530.0
            ],
            [
              502330.0,
              9698530.0
            ],
            [
              502330.0,
              9698560.0
            ],
            [
              502340.0,
              9698560.0
            ],
            [
              502340.0,
              9698550.0
            ],
            [
              502360.0,
              9698550.0
            ],
            [
              502360.0,
              9698560.0
            ],
            [
              502370.0,
              9698560.0
            ],
            [
              502370.0,
              9698580.0
            ],
            [
              502360.0,
              9698580.0
            ],
            [
              502360.0,
              9698600.0
            ],
            [
              502390.0,
              9698600.0
            ],
            [
              502390.0,
              9698610.0
            ],
            [
              502400.0,
              9698610.0
            ],
            [
              502400.0,
              9698620.0
            ],
            [
              502410.0,
              9698620.0
            ],
            [
              502410.0,
              9698630.0
            ],
            [
              502400.0,
              9698630.0
            ],
            [
              502400.0,
              9698640.0
            ],
            [
              502390.0,
              9698640.0
            ],
            [
              502390.0,
              9698670.0
            ],
            [
              502380.0,
              9698670.0
            ],
            [
              502380.0,
              9698680.0
            ],
            [
              502420.0,
              9698680.0
            ],
            [
              502420.0,
              9698700.0
            ],
            [
              502440.0,
              9698700.0
            ],
            [
              502440.0,
              9698710.0
            ],
            [
              502430.0,
              9698710.0
            ],
            [
              502430.0,
              9698720.0
            ],
            [
              502410.0,
              9698720.0
            ],
            [
              502410.0,
              9698730.0
            ],
            [
              502420.0,
              9698730.0
            ],
            [
              502420.0,
              9698740.0
            ],
            [
              502410.0,
              9698740.0
            ],
            [
              502410.0,
              9698750.0
            ],
            [
              502420.0,
              9698750.0
            ],
            [
              502420.0,
              9698760.0
            ],
            [
              502400.0,
              9698760.0
            ],
            [
              502400.0,
              9698770.0
            ],
            [
              502390.0,
              9698770.0
            ],
            [
              502390.0,
              9698790.0
            ],
            [
              502400.0,
              9698790.0
            ],
            [
              502400.0,
              9698800.0
            ],
            [
              502430.0,
              9698800.0
            ],
            [
              502430.0,
              9698810.0
            ],
            [
              502420.0,
              9698810.0
            ],
            [
              502420.0,
              9698820.0
            ],
            [
              502400.0,
              9698820.0
            ],
            [
              502400.0,
              9698830.0
            ],
            [
              502390.0,
              9698830.0
            ],
            [
              502390.0,
              9698840.0
            ],
            [
              502410.0,
              9698840.0
            ],
            [
              502410.0,
              9698830.0
            ],
            [
              502420.0,
              9698830.0
            ],
            [
              502420.0,
              9698850.0
            ],
            [
              502380.0,
              9698850.0
            ],
            [
              502380.0,
              9698880.0
            ],
            [
              502370.0,
              9698880.0
            ],
            [
              502370.0,
              9698890.0
            ],
            [
              502360.0,
              9698890.0
            ],
            [
              502360.0,
              9698900.0
            ],
            [
              502350.0,
              9698900.0
            ],
            [
              502350.0,
              9698920.0
            ],
            [
              502340.0,
              9698920.0
            ],
            [
              502340.0,
              9698930.0
            ],
            [
              502320.0,
              9698930.0
            ],
            [
              502320.0,
              9698950.0
            ],
            [
              502330.0,
              9698950.0
            ],
            [
              502330.0,
              9698970.0
            ],
            [
              502300.0,
              9698970.0
            ],
            [
              502300.0,
              9698950.0
            ],
            [
              502290.0,
              9698950.0
            ],
            [
              502290.0,
              9698960.0
            ],
            [
              502280.0,
              9698960.0
            ],
            [
              502280.0,
              9698970.0
            ],
            [
              502270.0,
              9698970.0
            ],
            [
              502270.0,
              9698990.0
            ],
            [
              502260.0,
              9698990.0
            ],
            [
              502260.0,
              9698980.0
            ],
            [
              502250.0,
              9698980.0
            ],
            [
              502250.0,
              9698990.0
            ],
            [
              502240.0,
              9698990.0
            ],
            [
              502240.0,
              9699000.0
            ],
            [
              502230.0,
              9699000.0
            ],
            [
              502230.0,
              9699010.0
            ],
            [
              502240.0,
              9699010.0
            ],
            [
              502240.0,
              9699020.0
            ],
            [
              502210.0,
              9699020.0
            ],
            [
              502210.0,
              9699000.0
            ],
            [
              502200.0,
              9699000.0
            ],
            [
              502200.0,
              9698990.0
            ],
            [
              502180.0,
              9698990.0
            ],
            [
              502180.0,
              9699000.0
            ],
            [
              502170.0,
              9699000.0
            ],
            [
              502170.0,
              9699010.0
            ],
            [
              502190.0,
              9699010.0
            ],
            [
              502190.0,
              9699020.0
            ],
            [
              502180.0,
              9699020.0
            ],
            [
              502180.0,
              9699040.0
            ],
            [
              502160.0,
              9699040.0
            ],
            [
              502160.0,
              9699050.0
            ],
            [
              502170.0,
              9699050.0
            ],
            [
              502170.0,
              9699060.0
            ],
            [
              502150.0,
              9699060.0
            ]
          ],
          [
            [
              502060.0,
              9699020.0
            ],
            [
              502070.0,
              9699020.0
            ],
            [
              502070.0,
              9699010.0
            ],
            [
              502060.0,
              9699010.0
            ],
            [
              502060.0,
              9699020.0
            ]
          ],
          [
            [
              502130.0,
              9699020.0
            ],
            [
              502160.0,
              9699020.0
            ],
            [
              502160.0,
              9699000.0
            ],
            [
              502150.0,
              9699000.0
            ],
            [
              502150.0,
              9699010.0
            ],
            [
              502130.0,
              9699010.0
            ],
            [
              502130.0,
              9699020.0
            ]
          ],
          [
            [
              502080.0,
              9699000.0
            ],
            [
              502090.0,
              9699000.0
            ],
            [
              502090.0,
              9698990.0
            ],
            [
              502080.0,
              9698990.0
            ],
            [
              502080.0,
              9699000.0
            ]
          ],
          [
            [
              502140.0,
              9699000.0
            ],
            [
              502150.0,
              9699000.0
            ],
            [
              502150.0,
              9698990.0
            ],
            [
              502140.0,
              9698990.0
            ],
            [
              502140.0,
              9699000.0
            ]
          ],
          [
            [
              502160.0,
              9699000.0
            ],
            [
              502170.0,
              9699000.0
            ],
            [
              502170.0,
              9698990.0
            ],
            [
              502160.0,
              9698990.0
            ],
            [
              502160.0,
              9699000.0
            ]
          ],
          [
            [
              502220.0,
              9699000.0
            ],
            [
              502230.0,
              9699000.0
            ],
            [
              502230.0,
              9698990.0
            ],
            [
              502220.0,
              9698990.0
            ],
            [
              502220.0,
              9699000.0
            ]
          ],
          [
            [
              502030.0,
              9698990.0
            ],
            [
              502040.0,
              9698990.0
            ],
            [
              502040.0,
              9698980.0
            ],
            [
              502030.0,
              9698980.0
            ],
            [
              502030.0,
              9698990.0
            ]
          ],
          [
            [
              502210.0,
              9698990.0
            ],
            [
              502220.0,
              9698990.0
            ],
            [
              502220.0,
              9698980.0
            ],
            [
              502210.0,
              9698980.0
            ],
            [
              502210.0,
              9698990.0
            ]
          ],
          [
            [
              502260.0,
              9698970.0
            ],
            [
              502270.0,
              9698970.0
            ],
            [
              502270.0,
              9698960.0
            ],
            [
              502260.0,
              9698960.0
            ],
            [
              502260.0,
              9698970.0
            ]
          ],
          [
            [
              502310.0,
              9698960.0
            ],
            [
              502320.0,
              9698960.0
            ],
            [
              502320.0,
              9698950.0
            ],
            [
              502310.0,
              9698950.0
            ],
            [
              502310.0,
              9698960.0
            ]
          ],
          [
            [
              502300.0,
              9698930.0
            ],
            [
              502310.0,
              9698930.0
            ],
            [
              502310.0,
              9698910.0
            ],
            [
              502300.0,
              9698910.0
            ],
            [
              502300.0,
              9698930.0
            ]
          ],
          [
            [
              502330.0,
              9698920.0
            ],
            [
              502340.0,
              9698920.0
            ],
            [
              502340.0,
              9698910.0
            ],
            [
              502330.0,
              9698910.0
            ],
            [
              502330.0,
              9698920.0
            ]
          ],
          [
            [
              501850.0,
              9698890.0
            ],
            [
              501860.0,
              9698890.0
            ],
            [
              501860.0,
              9698880.0
            ],
            [
              501850.0,
              9698880.0
            ],
            [
              501850.0,
              9698890.0
            ]
          ],
          [
            [
              502350.0,
              9698890.0
            ],
            [
              502360.0,
              9698890.0
            ],
            [
              502360.0,
              9698880.0
            ],
            [
              502350.0,
              9698880.0
            ],
            [
              502350.0,
              9698890.0
            ]
          ],
          [
            [
              501850.0,
              9698870.0
            ],
            [
              501860.0,
              9698870.0
            ],
            [
              501860.0,
              9698860.0
            ],
            [
              501850.0,
              9698860.0
            ],
            [
              501850.0,
              9698870.0
            ]
          ],
          [
            [
              502360.0,
              9698840.0
            ],
            [
              502370.0,
              9698840.0
            ],
            [
              502370.0,
              9698830.0
            ],
            [
              502360.0,
              9698830.0
            ],
            [
              502360.0,
              9698840.0
            ]
          ],
          [
            [
              502370.0,
              9698830.0
            ],
            [
              502380.0,
              9698830.0
            ],
            [
              502380.0,
              9698820.0
            ],
            [
              502370.0,
              9698820.0
            ],
            [
              502370.0,
              9698830.0
            ]
          ],
          [
            [
              501830.0,
              9698820.0
            ],
            [
              501840.0,
              9698820.0
            ],
            [
              501840.0,
              9698810.0
            ],
            [
              501830.0,
              9698810.0
            ],
            [
              501830.0,
              9698820.0
            ]
          ],
          [
            [
              502390.0,
              9698740.0
            ],
            [
              502400.0,
              9698740.0
            ],
            [
              502400.0,
              9698730.0
            ],
            [
              502390.0,
              9698730.0
            ],
            [
              502390.0,
              9698740.0
            ]
          ],
          [
            [
              502400.0,
              9698710.0
            ],
            [
              502410.0,
              9698710.0
            ],
            [
              502410.0,
              9698690.0
            ],
            [
              502400.0,
              9698690.0
            ],
            [
              502400.0,
              9698710.0
            ]
          ],
          [
            [
              501810.0,
              9698690.0
            ],
            [
              501820.0,
              9698690.0
            ],
            [
              501820.0,
              9698680.0
            ],
            [
              501810.0,
              9698680.0
            ],
            [
              501810.0,
              9698690.0
            ]
          ],
          [
            [
              502370.0,
              9698670.0
            ],
            [
              502380.0,
              9698670.0
            ],
            [
              502380.0,
              9698660.0
            ],
            [
              502370.0,
              9698660.0
            ],
            [
              502370.0,
              9698670.0
            ]
          ],
          [
            [
              501840.0,
              9698660.0
            ],
            [
              501850.0,
              9698660.0
            ],
            [
              501850.0,
              9698650.0
            ],
            [
              501840.0,
              9698650.0
            ],
            [
              501840.0,
              9698660.0
            ]
          ],
          [
            [
              502370.0,
              9698650.0
            ],
            [
              502380.0,
              9698650.0
            ],
            [
              502380.0,
              9698640.0
            ],
            [
              502370.0,
              9698640.0
            ],
            [
              502370.0,
              9698650.0
            ]
          ],
          [
            [
              502380.0,
              9698630.0
            ],
            [
              502390.0,
              9698630.0
            ],
            [
              502390.0,
              9698620.0
            ],
            [
              502380.0,
              9698620.0
            ],
            [
              502380.0,
              9698630.0
            ]
          ],
          [
            [
              502370.0,
              9698620.0
            ],
            [
              502380.0,
              9698620.0
            ],
            [
              502380.0,
              9698610.0
            ],
            [
              502370.0,
              9698610.0
            ],
            [
              502370.0,
              9698620.0
            ]
          ],
          [
            [
              501870.0,
              9698610.0
            ],
            [
              501880.0,
              9698610.0
            ],
            [
              501880.0,
              9698600.0
            ],
            [
              501870.0,
              9698600.0
            ],
            [
              501870.0,
              9698610.0
            ]
          ],
          [
            [
              502340.0,
              9698610.0
            ],
            [
              502350.0,
              9698610.0
            ],
            [
              502350.0,
              9698600.0
            ],
            [
              502340.0,
              9698600.0
            ],
            [
              502340.0,
              9698610.0
            ]
          ],
          [
            [
              502330.0,
              9698590.0
            ],
            [
              502340.0,
              9698590.0
            ],
            [
              502340.0,
              9698580.0
            ],
            [
              502330.0,
              9698580.0
            ],
            [
              502330.0,
              9698590.0
            ]
          ],
          [
            [
              502340.0,
              9698580.0
            ],
            [
              502350.0,
              9698580.0
            ],
            [
              502350.0,
              9698570.0
            ],
            [
              502340.0,
              9698570.0
            ],
            [
              502340.0,
              9698580.0
            ]
          ],
          [
            [
              502350.0,
              9698570.0
            ],
            [
              502360.0,
              9698570.0
            ],
            [
              502360.0,
              9698560.0
            ],
            [
              502350.0,
              9698560.0
            ],
            [
              502350.0,
              9698570.0
            ]
          ],
          [
            [
              501890.0,
              9698560.0
            ],
            [
              501900.0,
              9698560.0
            ],
            [
              501900.0,
              9698550.0
            ],
            [
              501890.0,
              9698550.0
            ],
            [
              501890.0,
              9698560.0
            ]
          ],
          [
            [
              501970.0,
              9698530.0
            ],
            [
              501980.0,
              9698530.0
            ],
            [
              501980.0,
              9698520.0
            ],
            [
              501970.0,
              9698520.0
            ],
            [
              501970.0,
              9698530.0
            ]
          ],
          [
            [
              502230.0,
              9698530.0
            ],
            [
              502240.0,
              9698530.0
            ],
            [
              502240.0,
              9698520.0
            ],
            [
              502230.0,
              9698520.0
            ],
            [
              502230.0,
              9698530.0
            ]
          ],
          [
            [
              502270.0,
              9698530.0
            ],
            [
              502290.0,
              9698530.0
            ],
            [
              502290.0,
              9698510.0
            ],
            [
              502280.0,
              9698510.0
            ],
            [
              502280.0,
              9698520.0
            ],
            [
              502270.0,
              9698520.0
            ],
            [
              502270.0,
              9698530.0
            ]
          ],
          [
            [
              501980.0,
              9698510.0
            ],
            [
              501990.0,
              9698510.0
            ],
            [
              501990.0,
              9698500.0
            ],
            [
              501980.0,
              9698500.0
            ],
            [
              501980.0,
              9698510.0
            ]
          ],
          [
            [
              502000.0,
              9698510.0
            ],
            [
              502010.0,
              9698510.0
            ],
            [
              502010.0,
              9698500.0
            ],
            [
              502000.0,
              9698500.0
            ],
            [
              502000.0,
              9698510.0
            ]
          ],
          [
            [
              502200.0,
              9698510.0
            ],
            [
              502210.0,
              9698510.0
            ],
            [
              502210.0,
              9698490.0
            ],
            [
              502200.0,
              9698490.0
            ],
            [
              502200.0,
              9698510.0
            ]
          ],
          [
            [
              502230.0,
              9698510.0
            ],
            [
              502240.0,
              9698510.0
            ],
            [
              502240.0,
              9698500.0
            ],
            [
              502230.0,
              9698500.0
            ],
            [
              502230.0,
              9698510.0
            ]
          ],
          [
            [
              502010.0,
              9698500.0
            ],
            [
              502020.0,
              9698500.0
            ],
            [
              502020.0,
              9698490.0
            ],
            [
              502010.0,
              9698490.0
            ],
            [
              502010.0,
              9698500.0
            ]
          ],
          [
            [
              502140.0,
              9698500.0
            ],
            [
              502150.0,
              9698500.0
            ],
            [
              502150.0,
              9698490.0
            ],
            [
              502140.0,
              9698490.0
            ],
            [
              502140.0,
              9698500.0
            ]
          ],
          [
            [
              502160.0,
              9698490.0
            ],
            [
              502170.0,
              9698490.0
            ],
            [
              502170.0,
              9698480.0
            ],
            [
              502160.0,
              9698480.0
            ],
            [
              502160.0,
              9698490.0
            ]
          ],
          [
            [
              502180.0,
              9698490.0
            ],
            [
              502190.0,
              9698490.0
            ],
            [
              502190.0,
              9698480.0
            ],
            [
              502180.0,
              9698480.0
            ],
            [
              502180.0,
              9698490.0
            ]
          ],
          [
            [
              502110.0,
              9698480.0
            ],
            [
              502120.0,
              9698480.0
            ],
            [
              502120.0,
              9698470.0
            ],
            [
              502110.0,
              9698470.0
            ],
            [
              502110.0,
              9698480.0
            ]
          ],
          [
            [
              502100.0,
              9698460.0
            ],
            [
              502110.0,
              9698460.0
            ],
            [
              502110.0,
              9698450.0
            ],
            [
              502100.0,
              9698450.0
            ],
            [
              502100.0,
              9698460.0
            ]
          ],
          [
            [
              501740.0,
              9698430.0
            ],
            [
              501750.0,
              9698430.0
            ],
            [
              501750.0,
              9698420.0
            ],
            [
              501740.0,
              9698420.0
            ],
            [
              501740.0,
              9698430.0
            ]
          ],
          [
            [
              501850.0,
              9698430.0
            ],
            [
              501870.0,
              9698430.0
            ],
            [
              501870.0,
              9698420.0
            ],
            [
              501850.0,
              9698420.0
            ],
            [
              501850.0,
              9698430.0
            ]
          ],
          [
            [
              501800.0,
              9698420.0
            ],
            [
              501810.0,
              9698420.0
            ],
            [
              501810.0,
              9698410.0
            ],
            [
              501800.0,
              9698410.0
            ],
            [
              501800.0,
              9698420.0
            ]
          ],
          [
            [
              501830.0,
              9698420.0
            ],
            [
              501840.0,
              9698420.0
            ],
            [
              501840.0,
              9698410.0
            ],
            [
              501830.0,
              9698410.0
            ],
            [
              501830.0,
              9698420.0
            ]
          ],
          [
            [
              501850.0,
              9698410.0
            ],
            [
              501860.0,
              9698410.0
            ],
            [
              501860.0,
              9698400.0
            ],
            [
              501850.0,
              9698400.0
            ],
            [
              501850.0,
              9698410.0
            ]
          ],
          [
            [
              501930.0,
              9698380.0
            ],
            [
              501950.0,
              9698380.0
            ],
            [
              501950.0,
              9698370.0
            ],
            [
              501940.0,
              9698370.0
            ],
            [
              501940.0,
              9698360.0
            ],
            [
              501960.0,
              9698360.0
            ],
            [
              501960.0,
              9698350.0
            ],
            [
              501950.0,
              9698350.0
            ],
            [
              501950.0,
              9698340.0
            ],
            [
              501940.0,
              9698340.0
            ],
            [
              501940.0,
              9698350.0
            ],
            [
              501930.0,
              9698350.0
            ],
            [
              501930.0,
              9698380.0
            ]
          ],
          [
            [
              501970.0,
              9698330.0
            ],
            [
              501980.0,
              9698330.0
            ],
            [
              501980.0,
              9698320.0
            ],
            [
              501970.0,
              9698320.0
            ],
            [
              501970.0,
              9698330.0
            ]
          ],
          [
            [
              501990.0,
              9698290.0
            ],
            [
              502000.0,
              9698290.0
            ],
            [
              502000.0,
              9698280.0
            ],
            [
              501990.0,
              9698280.0
            ],
            [
              501990.0,
              9698290.0
            ]
          ],
          [
            [
              501980.0,
              9698260.0
            ],
            [
              501990.0,
              9698260.0
            ],
            [
              501990.0,
              9698250.0
            ],
            [
              501980.0,
              9698250.0
            ],
            [
              501980.0,
              9698260.0
            ]
          ],
          [
            [
              501990.0,
              9698220.0
            ],
            [
              502000.0,
              9698220.0
            ],
            [
              502000.0,
              9698210.0
            ],
            [
              501990.0,
              9698210.0
            ],
            [
              501990.0,
              9698220.0
            ]
          ],
          [
            [
              501980.0,
              9698210.0
            ],
            [
              501990.0,
              9698210.0
            ],
            [
              501990.0,
              9698200.0
            ],
            [
              501980.0,
              9698200.0
            ],
            [
              501980.0,
              9698210.0
            ]
          ],
          [
            [
              502000.0,
              9698210.0
            ],
            [
              502010.0,
              9698210.0
            ],
            [
              502010.0,
              9698200.0
            ],
            [
              502000.0,
              9698200.0
            ],
            [
              502000.0,
              9698210.0
            ]
          ]
        ]
      },
      "properties": {
        "alert_id": "DEF_2026_0172",
        "area_ha": 308.7,
        "perimeter_m": 10060.0,
        "severity": "High Severity",
        "driver": "Wildfire Scar",
        "mean_dnbr": 0.746,
        "centroid_x": 502075.236152,
        "centroid_y": 9698649.139942,
        "status": "Verified Alert"
      }
    },
    {
      "type": "Feature",
      "geometry": {
        "type": "Polygon",
        "coordinates": [
          [
            [
              501970.0,
              9698150.0
            ],
            [
              501970.0,
              9698140.0
            ],
            [
              501980.0,
              9698140.0
            ],
            [
              501980.0,
              9698130.0
            ],
            [
              501990.0,
              9698130.0
            ],
            [
              501990.0,
              9698150.0
            ],
            [
              501970.0,
              9698150.0
            ]
          ]
        ]
      },
      "properties": {
        "alert_id": "DEF_2026_0173",
        "area_ha": 0.27,
        "perimeter_m": 80.0,
        "severity": "High Severity",
        "driver": "Wildfire Scar",
        "mean_dnbr": 0.729,
        "centroid_x": 501981.666667,
        "centroid_y": 9698141.666667,
        "status": "Verified Alert"
      }
    },
    {
      "type": "Feature",
      "geometry": {
        "type": "Polygon",
        "coordinates": [
          [
            [
              501330.0,
              9698140.0
            ],
            [
              501330.0,
              9698130.0
            ],
            [
              501340.0,
              9698130.0
            ],
            [
              501340.0,
              9698140.0
            ],
            [
              501330.0,
              9698140.0
            ]
          ]
        ]
      },
      "properties": {
        "alert_id": "DEF_2026_0174",
        "area_ha": 0.09,
        "perimeter_m": 40.0,
        "severity": "High Severity",
        "driver": "Agricultural Clearcut",
        "mean_dnbr": 0.721,
        "centroid_x": 501335.0,
        "centroid_y": 9698135.0,
        "status": "Verified Alert"
      }
    },
    {
      "type": "Feature",
      "geometry": {
        "type": "Polygon",
        "coordinates": [
          [
            [
              500740.0,
              9698140.0
            ],
            [
              500740.0,
              9698120.0
            ],
            [
              500750.0,
              9698120.0
            ],
            [
              500750.0,
              9698130.0
            ],
            [
              500760.0,
              9698130.0
            ],
            [
              500760.0,
              9698140.0
            ],
            [
              500740.0,
              9698140.0
            ]
          ]
        ]
      },
      "properties": {
        "alert_id": "DEF_2026_0175",
        "area_ha": 0.27,
        "perimeter_m": 80.0,
        "severity": "High Severity",
        "driver": "Road Encroachment",
        "mean_dnbr": 0.724,
        "centroid_x": 500748.333333,
        "centroid_y": 9698131.666667,
        "status": "Verified Alert"
      }
    },
    {
      "type": "Feature",
      "geometry": {
        "type": "Polygon",
        "coordinates": [
          [
            [
              500720.0,
              9698130.0
            ],
            [
              500720.0,
              9698120.0
            ],
            [
              500730.0,
              9698120.0
            ],
            [
              500730.0,
              9698130.0
            ],
            [
              500720.0,
              9698130.0
            ]
          ]
        ]
      },
      "properties": {
        "alert_id": "DEF_2026_0176",
        "area_ha": 0.09,
        "perimeter_m": 40.0,
        "severity": "High Severity",
        "driver": "Driver 0",
        "mean_dnbr": 0.696,
        "centroid_x": 500725.0,
        "centroid_y": 9698125.0,
        "status": "Verified Alert"
      }
    },
    {
      "type": "Feature",
      "geometry": {
        "type": "Polygon",
        "coordinates": [
          [
            [
              501310.0,
              9698130.0
            ],
            [
              501310.0,
              9698120.0
            ],
            [
              501320.0,
              9698120.0
            ],
            [
              501320.0,
              9698130.0
            ],
            [
              501310.0,
              9698130.0
            ]
          ]
        ]
      },
      "properties": {
        "alert_id": "DEF_2026_0177",
        "area_ha": 0.09,
        "perimeter_m": 40.0,
        "severity": "High Severity",
        "driver": "Agricultural Clearcut",
        "mean_dnbr": 0.692,
        "centroid_x": 501315.0,
        "centroid_y": 9698125.0,
        "status": "Verified Alert"
      }
    },
    {
      "type": "Feature",
      "geometry": {
        "type": "Polygon",
        "coordinates": [
          [
            [
              501340.0,
              9698130.0
            ],
            [
              501340.0,
              9698120.0
            ],
            [
              501350.0,
              9698120.0
            ],
            [
              501350.0,
              9698130.0
            ],
            [
              501340.0,
              9698130.0
            ]
          ]
        ]
      },
      "properties": {
        "alert_id": "DEF_2026_0178",
        "area_ha": 0.09,
        "perimeter_m": 40.0,
        "severity": "High Severity",
        "driver": "Agricultural Clearcut",
        "mean_dnbr": 0.699,
        "centroid_x": 501345.0,
        "centroid_y": 9698125.0,
        "status": "Verified Alert"
      }
    },
    {
      "type": "Feature",
      "geometry": {
        "type": "Polygon",
        "coordinates": [
          [
            [
              501470.0,
              9698130.0
            ],
            [
              501470.0,
              9698120.0
            ],
            [
              501480.0,
              9698120.0
            ],
            [
              501480.0,
              9698130.0
            ],
            [
              501470.0,
              9698130.0
            ]
          ]
        ]
      },
      "properties": {
        "alert_id": "DEF_2026_0179",
        "area_ha": 0.09,
        "perimeter_m": 40.0,
        "severity": "High Severity",
        "driver": "Agricultural Clearcut",
        "mean_dnbr": 0.711,
        "centroid_x": 501475.0,
        "centroid_y": 9698125.0,
        "status": "Verified Alert"
      }
    },
    {
      "type": "Feature",
      "geometry": {
        "type": "Polygon",
        "coordinates": [
          [
            [
              501500.0,
              9698130.0
            ],
            [
              501500.0,
              9698120.0
            ],
            [
              501510.0,
              9698120.0
            ],
            [
              501510.0,
              9698130.0
            ],
            [
              501500.0,
              9698130.0
            ]
          ]
        ]
      },
      "properties": {
        "alert_id": "DEF_2026_0180",
        "area_ha": 0.09,
        "perimeter_m": 40.0,
        "severity": "High Severity",
        "driver": "Agricultural Clearcut",
        "mean_dnbr": 0.701,
        "centroid_x": 501505.0,
        "centroid_y": 9698125.0,
        "status": "Verified Alert"
      }
    },
    {
      "type": "Feature",
      "geometry": {
        "type": "Polygon",
        "coordinates": [
          [
            [
              501950.0,
              9698130.0
            ],
            [
              501950.0,
              9698120.0
            ],
            [
              501960.0,
              9698120.0
            ],
            [
              501960.0,
              9698130.0
            ],
            [
              501950.0,
              9698130.0
            ]
          ]
        ]
      },
      "properties": {
        "alert_id": "DEF_2026_0181",
        "area_ha": 0.09,
        "perimeter_m": 40.0,
        "severity": "High Severity",
        "driver": "Driver 0",
        "mean_dnbr": 0.716,
        "centroid_x": 501955.0,
        "centroid_y": 9698125.0,
        "status": "Verified Alert"
      }
    },
    {
      "type": "Feature",
      "geometry": {
        "type": "Polygon",
        "coordinates": [
          [
            [
              501320.0,
              9698120.0
            ],
            [
              501320.0,
              9698110.0
            ],
            [
              501330.0,
              9698110.0
            ],
            [
              501330.0,
              9698100.0
            ],
            [
              501340.0,
              9698100.0
            ],
            [
              501340.0,
              9698120.0
            ],
            [
              501320.0,
              9698120.0
            ]
          ]
        ]
      },
      "properties": {
        "alert_id": "DEF_2026_0182",
        "area_ha": 0.27,
        "perimeter_m": 80.0,
        "severity": "High Severity",
        "driver": "Agricultural Clearcut",
        "mean_dnbr": 0.71,
        "centroid_x": 501331.666667,
        "centroid_y": 9698111.666667,
        "status": "Verified Alert"
      }
    },
    {
      "type": "Feature",
      "geometry": {
        "type": "Polygon",
        "coordinates": [
          [
            [
              501470.0,
              9698110.0
            ],
            [
              501470.0,
              9698100.0
            ],
            [
              501480.0,
              9698100.0
            ],
            [
              501480.0,
              9698110.0
            ],
            [
              501470.0,
              9698110.0
            ]
          ]
        ]
      },
      "properties": {
        "alert_id": "DEF_2026_0183",
        "area_ha": 0.09,
        "perimeter_m": 40.0,
        "severity": "High Severity",
        "driver": "Driver 0",
        "mean_dnbr": 0.707,
        "centroid_x": 501475.0,
        "centroid_y": 9698105.0,
        "status": "Verified Alert"
      }
    },
    {
      "type": "Feature",
      "geometry": {
        "type": "Polygon",
        "coordinates": [
          [
            [
              501490.0,
              9698120.0
            ],
            [
              501490.0,
              9698090.0
            ],
            [
              501500.0,
              9698090.0
            ],
            [
              501500.0,
              9698120.0
            ],
            [
              501490.0,
              9698120.0
            ]
          ]
        ]
      },
      "properties": {
        "alert_id": "DEF_2026_0184",
        "area_ha": 0.27,
        "perimeter_m": 80.0,
        "severity": "High Severity",
        "driver": "Agricultural Clearcut",
        "mean_dnbr": 0.727,
        "centroid_x": 501495.0,
        "centroid_y": 9698105.0,
        "status": "Verified Alert"
      }
    },
    {
      "type": "Feature",
      "geometry": {
        "type": "Polygon",
        "coordinates": [
          [
            [
              500720.0,
              9698110.0
            ],
            [
              500720.0,
              9698090.0
            ],
            [
              500730.0,
              9698090.0
            ],
            [
              500730.0,
              9698110.0
            ],
            [
              500720.0,
              9698110.0
            ]
          ]
        ]
      },
      "properties": {
        "alert_id": "DEF_2026_0185",
        "area_ha": 0.18,
        "perimeter_m": 60.0,
        "severity": "High Severity",
        "driver": "Driver 0",
        "mean_dnbr": 0.709,
        "centroid_x": 500725.0,
        "centroid_y": 9698100.0,
        "status": "Verified Alert"
      }
    },
    {
      "type": "Feature",
      "geometry": {
        "type": "Polygon",
        "coordinates": [
          [
            [
              501030.0,
              9698270.0
            ],
            [
              501030.0,
              9698260.0
            ],
            [
              501020.0,
              9698260.0
            ],
            [
              501020.0,
              9698250.0
            ],
            [
              500990.0,
              9698250.0
            ],
            [
              500990.0,
              9698240.0
            ],
            [
              500960.0,
              9698240.0
            ],
            [
              500960.0,
              9698250.0
            ],
            [
              500950.0,
              9698250.0
            ],
            [
              500950.0,
              9698230.0
            ],
            [
              500940.0,
              9698230.0
            ],
            [
              500940.0,
              9698240.0
            ],
            [
              500930.0,
              9698240.0
            ],
            [
              500930.0,
              9698260.0
            ],
            [
              500920.0,
              9698260.0
            ],
            [
              500920.0,
              9698250.0
            ],
            [
              500910.0,
              9698250.0
            ],
            [
              500910.0,
              9698230.0
            ],
            [
              500900.0,
              9698230.0
            ],
            [
              500900.0,
              9698240.0
            ],
            [
              500880.0,
              9698240.0
            ],
            [
              500880.0,
              9698220.0
            ],
            [
              500890.0,
              9698220.0
            ],
            [
              500890.0,
              9698210.0
            ],
            [
              500880.0,
              9698210.0
            ],
            [
              500880.0,
              9698200.0
            ],
            [
              500870.0,
              9698200.0
            ],
            [
              500870.0,
              9698190.0
            ],
            [
              500860.0,
              9698190.0
            ],
            [
              500860.0,
              9698170.0
            ],
            [
              500840.0,
              9698170.0
            ],
            [
              500840.0,
              9698160.0
            ],
            [
              500820.0,
              9698160.0
            ],
            [
              500820.0,
              9698170.0
            ],
            [
              500810.0,
              9698170.0
            ],
            [
              500810.0,
              9698160.0
            ],
            [
              500790.0,
              9698160.0
            ],
            [
              500790.0,
              9698170.0
            ],
            [
              500780.0,
              9698170.0
            ],
            [
              500780.0,
              9698150.0
            ],
            [
              500770.0,
              9698150.0
            ],
            [
              500770.0,
              9698130.0
            ],
            [
              500760.0,
              9698130.0
            ],
            [
              500760.0,
              9698120.0
            ],
            [
              500750.0,
              9698120.0
            ],
            [
              500750.0,
              9698110.0
            ],
            [
              500740.0,
              9698110.0
            ],
            [
              500740.0,
              9698100.0
            ],
            [
              500750.0,
              9698100.0
            ],
            [
              500750.0,
              9698090.0
            ],
            [
              500820.0,
              9698090.0
            ],
            [
              500820.0,
              9698100.0
            ],
            [
              500850.0,
              9698100.0
            ],
            [
              500850.0,
              9698110.0
            ],
            [
              500880.0,
              9698110.0
            ],
            [
              500880.0,
              9698120.0
            ],
            [
              500890.0,
              9698120.0
            ],
            [
              500890.0,
              9698130.0
            ],
            [
              500910.0,
              9698130.0
            ],
            [
              500910.0,
              9698140.0
            ],
            [
              500920.0,
              9698140.0
            ],
            [
              500920.0,
              9698150.0
            ],
            [
              500940.0,
              9698150.0
            ],
            [
              500940.0,
              9698160.0
            ],
            [
              500950.0,
              9698160.0
            ],
            [
              500950.0,
              9698170.0
            ],
            [
              500960.0,
              9698170.0
            ],
            [
              500960.0,
              9698180.0
            ],
            [
              500970.0,
              9698180.0
            ],
            [
              500970.0,
              9698190.0
            ],
            [
              500980.0,
              9698190.0
            ],
            [
              500980.0,
              9698200.0
            ],
            [
              500990.0,
              9698200.0
            ],
            [
              500990.0,
              9698210.0
            ],
            [
              501000.0,
              9698210.0
            ],
            [
              501000.0,
              9698220.0
            ],
            [
              501010.0,
              9698220.0
            ],
            [
              501010.0,
              9698230.0
            ],
            [
              501020.0,
              9698230.0
            ],
            [
              501020.0,
              9698240.0
            ],
            [
              501030.0,
              9698240.0
            ],
            [
              501030.0,
              9698250.0
            ],
            [
              501040.0,
              9698250.0
            ],
            [
              501040.0,
              9698270.0
            ],
            [
              501030.0,
              9698270.0
            ]
          ],
          [
            [
              500920.0,
              9698230.0
            ],
            [
              500930.0,
              9698230.0
            ],
            [
              500930.0,
              9698220.0
            ],
            [
              500920.0,
              9698220.0
            ],
            [
              500920.0,
              9698230.0
            ]
          ],
          [
            [
              500780.0,
              9698140.0
            ],
            [
              500790.0,
              9698140.0
            ],
            [
              500790.0,
              9698130.0
            ],
            [
              500780.0,
              9698130.0
            ],
            [
              500780.0,
              9698140.0
            ]
          ],
          [
            [
              500770.0,
              9698130.0
            ],
            [
              500780.0,
              9698130.0
            ],
            [
              500780.0,
              9698110.0
            ],
            [
              500770.0,
              9698110.0
            ],
            [
              500770.0,
              9698130.0
            ]
          ],
          [
            [
              500780.0,
              9698110.0
            ],
            [
              500790.0,
              9698110.0
            ],
            [
              500790.0,
              9698100.0
            ],
            [
              500780.0,
              9698100.0
            ],
            [
              500780.0,
              9698110.0
            ]
          ]
        ]
      },
      "properties": {
        "alert_id": "DEF_2026_0186",
        "area_ha": 16.83,
        "perimeter_m": 1300.0,
        "severity": "High Severity",
        "driver": "Road Encroachment",
        "mean_dnbr": 0.756,
        "centroid_x": 500886.44385,
        "centroid_y": 9698170.935829,
        "status": "Verified Alert"
      }
    },
    {
      "type": "Feature",
      "geometry": {
        "type": "Polygon",
        "coordinates": [
          [
            [
              501320.0,
              9698100.0
            ],
            [
              501320.0,
              9698090.0
            ],
            [
              501330.0,
              9698090.0
            ],
            [
              501330.0,
              9698100.0
            ],
            [
              501320.0,
              9698100.0
            ]
          ]
        ]
      },
      "properties": {
        "alert_id": "DEF_2026_0187",
        "area_ha": 0.09,
        "perimeter_m": 40.0,
        "severity": "High Severity",
        "driver": "Agricultural Clearcut",
        "mean_dnbr": 0.713,
        "centroid_x": 501325.0,
        "centroid_y": 9698095.0,
        "status": "Verified Alert"
      }
    },
    {
      "type": "Feature",
      "geometry": {
        "type": "Polygon",
        "coordinates": [
          [
            [
              501350.0,
              9698120.0
            ],
            [
              501350.0,
              9698100.0
            ],
            [
              501340.0,
              9698100.0
            ],
            [
              501340.0,
              9698090.0
            ],
            [
              501360.0,
              9698090.0
            ],
            [
              501360.0,
              9698120.0
            ],
            [
              501350.0,
              9698120.0
            ]
          ]
        ]
      },
      "properties": {
        "alert_id": "DEF_2026_0188",
        "area_ha": 0.36,
        "perimeter_m": 100.0,
        "severity": "High Severity",
        "driver": "Agricultural Clearcut",
        "mean_dnbr": 0.707,
        "centroid_x": 501352.5,
        "centroid_y": 9698102.5,
        "status": "Verified Alert"
      }
    },
    {
      "type": "Feature",
      "geometry": {
        "type": "Polygon",
        "coordinates": [
          [
            [
              500740.0,
              9698090.0
            ],
            [
              500740.0,
              9698080.0
            ],
            [
              500750.0,
              9698080.0
            ],
            [
              500750.0,
              9698090.0
            ],
            [
              500740.0,
              9698090.0
            ]
          ]
        ]
      },
      "properties": {
        "alert_id": "DEF_2026_0189",
        "area_ha": 0.09,
        "perimeter_m": 40.0,
        "severity": "High Severity",
        "driver": "Road Encroachment",
        "mean_dnbr": 0.744,
        "centroid_x": 500745.0,
        "centroid_y": 9698085.0,
        "status": "Verified Alert"
      }
    },
    {
      "type": "Feature",
      "geometry": {
        "type": "Polygon",
        "coordinates": [
          [
            [
              501560.0,
              9698090.0
            ],
            [
              501560.0,
              9698070.0
            ],
            [
              501570.0,
              9698070.0
            ],
            [
              501570.0,
              9698090.0
            ],
            [
              501560.0,
              9698090.0
            ]
          ]
        ]
      },
      "properties": {
        "alert_id": "DEF_2026_0190",
        "area_ha": 0.18,
        "perimeter_m": 60.0,
        "severity": "High Severity",
        "driver": "Agricultural Clearcut",
        "mean_dnbr": 0.753,
        "centroid_x": 501565.0,
        "centroid_y": 9698080.0,
        "status": "Verified Alert"
      }
    },
    {
      "type": "Feature",
      "geometry": {
        "type": "Polygon",
        "coordinates": [
          [
            [
              501530.0,
              9698080.0
            ],
            [
              501530.0,
              9698060.0
            ],
            [
              501540.0,
              9698060.0
            ],
            [
              501540.0,
              9698070.0
            ],
            [
              501550.0,
              9698070.0
            ],
            [
              501550.0,
              9698080.0
            ],
            [
              501530.0,
              9698080.0
            ]
          ]
        ]
      },
      "properties": {
        "alert_id": "DEF_2026_0191",
        "area_ha": 0.27,
        "perimeter_m": 80.0,
        "severity": "High Severity",
        "driver": "Driver 0",
        "mean_dnbr": 0.728,
        "centroid_x": 501538.333333,
        "centroid_y": 9698071.666667,
        "status": "Verified Alert"
      }
    },
    {
      "type": "Feature",
      "geometry": {
        "type": "Polygon",
        "coordinates": [
          [
            [
              501370.0,
              9698070.0
            ],
            [
              501370.0,
              9698060.0
            ],
            [
              501390.0,
              9698060.0
            ],
            [
              501390.0,
              9698070.0
            ],
            [
              501370.0,
              9698070.0
            ]
          ]
        ]
      },
      "properties": {
        "alert_id": "DEF_2026_0192",
        "area_ha": 0.18,
        "perimeter_m": 60.0,
        "severity": "High Severity",
        "driver": "Driver 0",
        "mean_dnbr": 0.702,
        "centroid_x": 501380.0,
        "centroid_y": 9698065.0,
        "status": "Verified Alert"
      }
    },
    {
      "type": "Feature",
      "geometry": {
        "type": "Polygon",
        "coordinates": [
          [
            [
              501510.0,
              9698070.0
            ],
            [
              501510.0,
              9698060.0
            ],
            [
              501520.0,
              9698060.0
            ],
            [
              501520.0,
              9698070.0
            ],
            [
              501510.0,
              9698070.0
            ]
          ]
        ]
      },
      "properties": {
        "alert_id": "DEF_2026_0193",
        "area_ha": 0.09,
        "perimeter_m": 40.0,
        "severity": "High Severity",
        "driver": "Driver 0",
        "mean_dnbr": 0.729,
        "centroid_x": 501515.0,
        "centroid_y": 9698065.0,
        "status": "Verified Alert"
      }
    },
    {
      "type": "Feature",
      "geometry": {
        "type": "Polygon",
        "coordinates": [
          [
            [
              501560.0,
              9698060.0
            ],
            [
              501560.0,
              9698050.0
            ],
            [
              501570.0,
              9698050.0
            ],
            [
              501570.0,
              9698060.0
            ],
            [
              501560.0,
              9698060.0
            ]
          ]
        ]
      },
      "properties": {
        "alert_id": "DEF_2026_0194",
        "area_ha": 0.09,
        "perimeter_m": 40.0,
        "severity": "High Severity",
        "driver": "Driver 0",
        "mean_dnbr": 0.739,
        "centroid_x": 501565.0,
        "centroid_y": 9698055.0,
        "status": "Verified Alert"
      }
    },
    {
      "type": "Feature",
      "geometry": {
        "type": "Polygon",
        "coordinates": [
          [
            [
              501290.0,
              9698450.0
            ],
            [
              501290.0,
              9698440.0
            ],
            [
              501280.0,
              9698440.0
            ],
            [
              501280.0,
              9698430.0
            ],
            [
              501270.0,
              9698430.0
            ],
            [
              501270.0,
              9698420.0
            ],
            [
              501300.0,
              9698420.0
            ],
            [
              501300.0,
              9698410.0
            ],
            [
              501320.0,
              9698410.0
            ],
            [
              501320.0,
              9698400.0
            ],
            [
              501350.0,
              9698400.0
            ],
            [
              501350.0,
              9698390.0
            ],
            [
              501380.0,
              9698390.0
            ],
            [
              501380.0,
              9698380.0
            ],
            [
              501410.0,
              9698380.0
            ],
            [
              501410.0,
              9698370.0
            ],
            [
              501440.0,
              9698370.0
            ],
            [
              501440.0,
              9698360.0
            ],
            [
              501450.0,
              9698360.0
            ],
            [
              501450.0,
              9698340.0
            ],
            [
              501430.0,
              9698340.0
            ],
            [
              501430.0,
              9698330.0
            ],
            [
              501440.0,
              9698330.0
            ],
            [
              501440.0,
              9698320.0
            ],
            [
              501410.0,
              9698320.0
            ],
            [
              501410.0,
              9698310.0
            ],
            [
              501370.0,
              9698310.0
            ],
            [
              501370.0,
              9698300.0
            ],
            [
              501380.0,
              9698300.0
            ],
            [
              501380.0,
              9698290.0
            ],
            [
              501390.0,
              9698290.0
            ],
            [
              501390.0,
              9698280.0
            ],
            [
              501370.0,
              9698280.0
            ],
            [
              501370.0,
              9698270.0
            ],
            [
              501380.0,
              9698270.0
            ],
            [
              501380.0,
              9698240.0
            ],
            [
              501390.0,
              9698240.0
            ],
            [
              501390.0,
              9698220.0
            ],
            [
              501400.0,
              9698220.0
            ],
            [
              501400.0,
              9698200.0
            ],
            [
              501390.0,
              9698200.0
            ],
            [
              501390.0,
              9698180.0
            ],
            [
              501400.0,
              9698180.0
            ],
            [
              501400.0,
              9698190.0
            ],
            [
              501410.0,
              9698190.0
            ],
            [
              501410.0,
              9698200.0
            ],
            [
              501420.0,
              9698200.0
            ],
            [
              501420.0,
              9698190.0
            ],
            [
              501430.0,
              9698190.0
            ],
            [
              501430.0,
              9698170.0
            ],
            [
              501420.0,
              9698170.0
            ],
            [
              501420.0,
              9698160.0
            ],
            [
              501430.0,
              9698160.0
            ],
            [
              501430.0,
              9698140.0
            ],
            [
              501460.0,
              9698140.0
            ],
            [
              501460.0,
              9698130.0
            ],
            [
              501470.0,
              9698130.0
            ],
            [
              501470.0,
              9698150.0
            ],
            [
              501480.0,
              9698150.0
            ],
            [
              501480.0,
              9698130.0
            ],
            [
              501490.0,
              9698130.0
            ],
            [
              501490.0,
              9698150.0
            ],
            [
              501500.0,
              9698150.0
            ],
            [
              501500.0,
              9698140.0
            ],
            [
              501510.0,
              9698140.0
            ],
            [
              501510.0,
              9698130.0
            ],
            [
              501520.0,
              9698130.0
            ],
            [
              501520.0,
              9698110.0
            ],
            [
              501510.0,
              9698110.0
            ],
            [
              501510.0,
              9698090.0
            ],
            [
              501550.0,
              9698090.0
            ],
            [
              501550.0,
              9698100.0
            ],
            [
              501570.0,
              9698100.0
            ],
            [
              501570.0,
              9698090.0
            ],
            [
              501580.0,
              9698090.0
            ],
            [
              501580.0,
              9698070.0
            ],
            [
              501590.0,
              9698070.0
            ],
            [
              501590.0,
              9698080.0
            ],
            [
              501600.0,
              9698080.0
            ],
            [
              501600.0,
              9698060.0
            ],
            [
              501610.0,
              9698060.0
            ],
            [
              501610.0,
              9698050.0
            ],
            [
              501620.0,
              9698050.0
            ],
            [
              501620.0,
              9698060.0
            ],
            [
              501640.0,
              9698060.0
            ],
            [
              501640.0,
              9698050.0
            ],
            [
              501680.0,
              9698050.0
            ],
            [
              501680.0,
              9698060.0
            ],
            [
              501660.0,
              9698060.0
            ],
            [
              501660.0,
              9698070.0
            ],
            [
              501670.0,
              9698070.0
            ],
            [
              501670.0,
              9698080.0
            ],
            [
              501680.0,
              9698080.0
            ],
            [
              501680.0,
              9698070.0
            ],
            [
              501700.0,
              9698070.0
            ],
            [
              501700.0,
              9698060.0
            ],
            [
              501720.0,
              9698060.0
            ],
            [
              501720.0,
              9698050.0
            ],
            [
              501760.0,
              9698050.0
            ],
            [
              501760.0,
              9698060.0
            ],
            [
              501770.0,
              9698060.0
            ],
            [
              501770.0,
              9698070.0
            ],
            [
              501780.0,
              9698070.0
            ],
            [
              501780.0,
              9698060.0
            ],
            [
              501790.0,
              9698060.0
            ],
            [
              501790.0,
              9698090.0
            ],
            [
              501800.0,
              9698090.0
            ],
            [
              501800.0,
              9698070.0
            ],
            [
              501820.0,
              9698070.0
            ],
            [
              501820.0,
              9698060.0
            ],
            [
              501830.0,
              9698060.0
            ],
            [
              501830.0,
              9698080.0
            ],
            [
              501850.0,
              9698080.0
            ],
            [
              501850.0,
              9698090.0
            ],
            [
              501830.0,
              9698090.0
            ],
            [
              501830.0,
              9698100.0
            ],
            [
              501840.0,
              9698100.0
            ],
            [
              501840.0,
              9698110.0
            ],
            [
              501830.0,
              9698110.0
            ],
            [
              501830.0,
              9698120.0
            ],
            [
              501820.0,
              9698120.0
            ],
            [
              501820.0,
              9698130.0
            ],
            [
              501810.0,
              9698130.0
            ],
            [
              501810.0,
              9698140.0
            ],
            [
              501800.0,
              9698140.0
            ],
            [
              501800.0,
              9698150.0
            ],
            [
              501790.0,
              9698150.0
            ],
            [
              501790.0,
              9698160.0
            ],
            [
              501780.0,
              9698160.0
            ],
            [
              501780.0,
              9698170.0
            ],
            [
              501770.0,
              9698170.0
            ],
            [
              501770.0,
              9698190.0
            ],
            [
              501760.0,
              9698190.0
            ],
            [
              501760.0,
              9698200.0
            ],
            [
              501750.0,
              9698200.0
            ],
            [
              501750.0,
              9698210.0
            ],
            [
              501740.0,
              9698210.0
            ],
            [
              501740.0,
              9698230.0
            ],
            [
              501730.0,
              9698230.0
            ],
            [
              501730.0,
              9698240.0
            ],
            [
              501720.0,
              9698240.0
            ],
            [
              501720.0,
              9698250.0
            ],
            [
              501710.0,
              9698250.0
            ],
            [
              501710.0,
              9698260.0
            ],
            [
              501700.0,
              9698260.0
            ],
            [
              501700.0,
              9698280.0
            ],
            [
              501690.0,
              9698280.0
            ],
            [
              501690.0,
              9698290.0
            ],
            [
              501680.0,
              9698290.0
            ],
            [
              501680.0,
              9698300.0
            ],
            [
              501670.0,
              9698300.0
            ],
            [
              501670.0,
              9698320.0
            ],
            [
              501660.0,
              9698320.0
            ],
            [
              501660.0,
              9698330.0
            ],
            [
              501650.0,
              9698330.0
            ],
            [
              501650.0,
              9698340.0
            ],
            [
              501640.0,
              9698340.0
            ],
            [
              501640.0,
              9698350.0
            ],
            [
              501630.0,
              9698350.0
            ],
            [
              501630.0,
              9698370.0
            ],
            [
              501620.0,
              9698370.0
            ],
            [
              501620.0,
              9698380.0
            ],
            [
              501610.0,
              9698380.0
            ],
            [
              501610.0,
              9698390.0
            ],
            [
              501600.0,
              9698390.0
            ],
            [
              501600.0,
              9698400.0
            ],
            [
              501590.0,
              9698400.0
            ],
            [
              501590.0,
              9698410.0
            ],
            [
              501580.0,
              9698410.0
            ],
            [
              501580.0,
              9698420.0
            ],
            [
              501570.0,
              9698420.0
            ],
            [
              501570.0,
              9698410.0
            ],
            [
              501560.0,
              9698410.0
            ],
            [
              501560.0,
              9698400.0
            ],
            [
              501540.0,
              9698400.0
            ],
            [
              501540.0,
              9698410.0
            ],
            [
              501530.0,
              9698410.0
            ],
            [
              501530.0,
              9698400.0
            ],
            [
              501520.0,
              9698400.0
            ],
            [
              501520.0,
              9698410.0
            ],
            [
              501500.0,
              9698410.0
            ],
            [
              501500.0,
              9698390.0
            ],
            [
              501470.0,
              9698390.0
            ],
            [
              501470.0,
              9698400.0
            ],
            [
              501450.0,
              9698400.0
            ],
            [
              501450.0,
              9698390.0
            ],
            [
              501440.0,
              9698390.0
            ],
            [
              501440.0,
              9698400.0
            ],
            [
              501410.0,
              9698400.0
            ],
            [
              501410.0,
              9698410.0
            ],
            [
              501380.0,
              9698410.0
            ],
            [
              501380.0,
              9698420.0
            ],
            [
              501350.0,
              9698420.0
            ],
            [
              501350.0,
              9698430.0
            ],
            [
              501320.0,
              9698430.0
            ],
            [
              501320.0,
              9698440.0
            ],
            [
              501300.0,
              9698440.0
            ],
            [
              501300.0,
              9698450.0
            ],
            [
              501290.0,
              9698450.0
            ]
          ],
          [
            [
              501450.0,
              9698340.0
            ],
            [
              501460.0,
              9698340.0
            ],
            [
              501460.0,
              9698330.0
            ],
            [
              501450.0,
              9698330.0
            ],
            [
              501450.0,
              9698340.0
            ]
          ],
          [
            [
              501420.0,
              9698310.0
            ],
            [
              501430.0,
              9698310.0
            ],
            [
              501430.0,
              9698300.0
            ],
            [
              501420.0,
              9698300.0
            ],
            [
              501420.0,
              9698310.0
            ]
          ],
          [
            [
              501390.0,
              9698300.0
            ],
            [
              501420.0,
              9698300.0
            ],
            [
              501420.0,
              9698290.0
            ],
            [
              501390.0,
              9698290.0
            ],
            [
              501390.0,
              9698300.0
            ]
          ],
          [
            [
              501400.0,
              9698280.0
            ],
            [
              501410.0,
              9698280.0
            ],
            [
              501410.0,
              9698270.0
            ],
            [
              501400.0,
              9698270.0
            ],
            [
              501400.0,
              9698280.0
            ]
          ],
          [
            [
              501390.0,
              9698260.0
            ],
            [
              501400.0,
              9698260.0
            ],
            [
              501400.0,
              9698250.0
            ],
            [
              501390.0,
              9698250.0
            ],
            [
              501390.0,
              9698260.0
            ]
          ],
          [
            [
              501400.0,
              9698250.0
            ],
            [
              501410.0,
              9698250.0
            ],
            [
              501410.0,
              9698240.0
            ],
            [
              501400.0,
              9698240.0
            ],
            [
              501400.0,
              9698250.0
            ]
          ],
          [
            [
              501410.0,
              9698240.0
            ],
            [
              501420.0,
              9698240.0
            ],
            [
              501420.0,
              9698230.0
            ],
            [
              501410.0,
              9698230.0
            ],
            [
              501410.0,
              9698240.0
            ]
          ],
          [
            [
              501400.0,
              9698230.0
            ],
            [
              501410.0,
              9698230.0
            ],
            [
              501410.0,
              9698220.0
            ],
            [
              501400.0,
              9698220.0
            ],
            [
              501400.0,
              9698230.0
            ]
          ],
          [
            [
              501420.0,
              9698230.0
            ],
            [
              501430.0,
              9698230.0
            ],
            [
              501430.0,
              9698210.0
            ],
            [
              501420.0,
              9698210.0
            ],
            [
              501420.0,
              9698230.0
            ]
          ],
          [
            [
              501450.0,
              9698190.0
            ],
            [
              501460.0,
              9698190.0
            ],
            [
              501460.0,
              9698170.0
            ],
            [
              501450.0,
              9698170.0
            ],
            [
              501450.0,
              9698190.0
            ]
          ],
          [
            [
              501440.0,
              9698160.0
            ],
            [
              501450.0,
              9698160.0
            ],
            [
              501450.0,
              9698150.0
            ],
            [
              501440.0,
              9698150.0
            ],
            [
              501440.0,
              9698160.0
            ]
          ],
          [
            [
              501460.0,
              9698160.0
            ],
            [
              501470.0,
              9698160.0
            ],
            [
              501470.0,
              9698150.0
            ],
            [
              501460.0,
              9698150.0
            ],
            [
              501460.0,
              9698160.0
            ]
          ],
          [
            [
              501580.0,
              9698100.0
            ],
            [
              501590.0,
              9698100.0
            ],
            [
              501590.0,
              9698090.0
            ],
            [
              501580.0,
              9698090.0
            ],
            [
              501580.0,
              9698100.0
            ]
          ],
          [
            [
              501620.0,
              9698100.0
            ],
            [
              501630.0,
              9698100.0
            ],
            [
              501630.0,
              9698090.0
            ],
            [
              501620.0,
              9698090.0
            ],
            [
              501620.0,
              9698100.0
            ]
          ],
          [
            [
              501800.0,
              9698100.0
            ],
            [
              501810.0,
              9698100.0
            ],
            [
              501810.0,
              9698090.0
            ],
            [
              501800.0,
              9698090.0
            ],
            [
              501800.0,
              9698100.0
            ]
          ],
          [
            [
              501810.0,
              9698090.0
            ],
            [
              501820.0,
              9698090.0
            ],
            [
              501820.0,
              9698080.0
            ],
            [
              501810.0,
              9698080.0
            ],
            [
              501810.0,
              9698090.0
            ]
          ],
          [
            [
              501610.0,
              9698080.0
            ],
            [
              501620.0,
              9698080.0
            ],
            [
              501620.0,
              9698070.0
            ],
            [
              501610.0,
              9698070.0
            ],
            [
              501610.0,
              9698080.0
            ]
          ],
          [
            [
              501640.0,
              9698080.0
            ],
            [
              501650.0,
              9698080.0
            ],
            [
              501650.0,
              9698060.0
            ],
            [
              501640.0,
              9698060.0
            ],
            [
              501640.0,
              9698080.0
            ]
          ],
          [
            [
              501760.0,
              9698080.0
            ],
            [
              501770.0,
              9698080.0
            ],
            [
              501770.0,
              9698070.0
            ],
            [
              501760.0,
              9698070.0
            ],
            [
              501760.0,
              9698080.0
            ]
          ],
          [
            [
              501730.0,
              9698070.0
            ],
            [
              501750.0,
              9698070.0
            ],
            [
              501750.0,
              9698060.0
            ],
            [
              501730.0,
              9698060.0
            ],
            [
              501730.0,
              9698070.0
            ]
          ]
        ]
      },
      "properties": {
        "alert_id": "DEF_2026_0195",
        "area_ha": 90.18,
        "perimeter_m": 3660.0,
        "severity": "High Severity",
        "driver": "Agricultural Clearcut",
        "mean_dnbr": 0.738,
        "centroid_x": 501579.570858,
        "centroid_y": 9698228.413174,
        "status": "Verified Alert"
      }
    },
    {
      "type": "Feature",
      "geometry": {
        "type": "Polygon",
        "coordinates": [
          [
            [
              501810.0,
              9698060.0
            ],
            [
              501810.0,
              9698050.0
            ],
            [
              501820.0,
              9698050.0
            ],
            [
              501820.0,
              9698060.0
            ],
            [
              501810.0,
              9698060.0
            ]
          ]
        ]
      },
      "properties": {
        "alert_id": "DEF_2026_0196",
        "area_ha": 0.09,
        "perimeter_m": 40.0,
        "severity": "High Severity",
        "driver": "Agricultural Clearcut",
        "mean_dnbr": 0.736,
        "centroid_x": 501815.0,
        "centroid_y": 9698055.0,
        "status": "Verified Alert"
      }
    },
    {
      "type": "Feature",
      "geometry": {
        "type": "Polygon",
        "coordinates": [
          [
            [
              501760.0,
              9698050.0
            ],
            [
              501760.0,
              9698040.0
            ],
            [
              501770.0,
              9698040.0
            ],
            [
              501770.0,
              9698050.0
            ],
            [
              501760.0,
              9698050.0
            ]
          ]
        ]
      },
      "properties": {
        "alert_id": "DEF_2026_0197",
        "area_ha": 0.09,
        "perimeter_m": 40.0,
        "severity": "High Severity",
        "driver": "Agricultural Clearcut",
        "mean_dnbr": 0.699,
        "centroid_x": 501765.0,
        "centroid_y": 9698045.0,
        "status": "Verified Alert"
      }
    },
    {
      "type": "Feature",
      "geometry": {
        "type": "Polygon",
        "coordinates": [
          [
            [
              501780.0,
              9698050.0
            ],
            [
              501780.0,
              9698040.0
            ],
            [
              501790.0,
              9698040.0
            ],
            [
              501790.0,
              9698050.0
            ],
            [
              501780.0,
              9698050.0
            ]
          ]
        ]
      },
      "properties": {
        "alert_id": "DEF_2026_0198",
        "area_ha": 0.09,
        "perimeter_m": 40.0,
        "severity": "High Severity",
        "driver": "Driver 0",
        "mean_dnbr": 0.733,
        "centroid_x": 501785.0,
        "centroid_y": 9698045.0,
        "status": "Verified Alert"
      }
    },
    {
      "type": "Feature",
      "geometry": {
        "type": "Polygon",
        "coordinates": [
          [
            [
              501650.0,
              9698040.0
            ],
            [
              501650.0,
              9698030.0
            ],
            [
              501660.0,
              9698030.0
            ],
            [
              501660.0,
              9698040.0
            ],
            [
              501650.0,
              9698040.0
            ]
          ]
        ]
      },
      "properties": {
        "alert_id": "DEF_2026_0199",
        "area_ha": 0.09,
        "perimeter_m": 40.0,
        "severity": "High Severity",
        "driver": "Driver 0",
        "mean_dnbr": 0.734,
        "centroid_x": 501655.0,
        "centroid_y": 9698035.0,
        "status": "Verified Alert"
      }
    },
    {
      "type": "Feature",
      "geometry": {
        "type": "Polygon",
        "coordinates": [
          [
            [
              501710.0,
              9698040.0
            ],
            [
              501710.0,
              9698030.0
            ],
            [
              501720.0,
              9698030.0
            ],
            [
              501720.0,
              9698040.0
            ],
            [
              501710.0,
              9698040.0
            ]
          ]
        ]
      },
      "properties": {
        "alert_id": "DEF_2026_0200",
        "area_ha": 0.09,
        "perimeter_m": 40.0,
        "severity": "High Severity",
        "driver": "Driver 0",
        "mean_dnbr": 0.739,
        "centroid_x": 501715.0,
        "centroid_y": 9698035.0,
        "status": "Verified Alert"
      }
    },
    {
      "type": "Feature",
      "geometry": {
        "type": "Polygon",
        "coordinates": [
          [
            [
              501740.0,
              9698040.0
            ],
            [
              501740.0,
              9698030.0
            ],
            [
              501750.0,
              9698030.0
            ],
            [
              501750.0,
              9698040.0
            ],
            [
              501740.0,
              9698040.0
            ]
          ]
        ]
      },
      "properties": {
        "alert_id": "DEF_2026_0201",
        "area_ha": 0.09,
        "perimeter_m": 40.0,
        "severity": "High Severity",
        "driver": "Driver 0",
        "mean_dnbr": 0.723,
        "centroid_x": 501745.0,
        "centroid_y": 9698035.0,
        "status": "Verified Alert"
      }
    },
    {
      "type": "Feature",
      "geometry": {
        "type": "Polygon",
        "coordinates": [
          [
            [
              501360.0,
              9698050.0
            ],
            [
              501360.0,
              9698020.0
            ],
            [
              501370.0,
              9698020.0
            ],
            [
              501370.0,
              9698050.0
            ],
            [
              501360.0,
              9698050.0
            ]
          ]
        ]
      },
      "properties": {
        "alert_id": "DEF_2026_0202",
        "area_ha": 0.27,
        "perimeter_m": 80.0,
        "severity": "High Severity",
        "driver": "Agricultural Clearcut",
        "mean_dnbr": 0.707,
        "centroid_x": 501365.0,
        "centroid_y": 9698035.0,
        "status": "Verified Alert"
      }
    },
    {
      "type": "Feature",
      "geometry": {
        "type": "Polygon",
        "coordinates": [
          [
            [
              501380.0,
              9698020.0
            ],
            [
              501380.0,
              9698010.0
            ],
            [
              501390.0,
              9698010.0
            ],
            [
              501390.0,
              9698020.0
            ],
            [
              501380.0,
              9698020.0
            ]
          ]
        ]
      },
      "properties": {
        "alert_id": "DEF_2026_0203",
        "area_ha": 0.09,
        "perimeter_m": 40.0,
        "severity": "High Severity",
        "driver": "Driver 0",
        "mean_dnbr": 0.724,
        "centroid_x": 501385.0,
        "centroid_y": 9698015.0,
        "status": "Verified Alert"
      }
    },
    {
      "type": "Feature",
      "geometry": {
        "type": "Polygon",
        "coordinates": [
          [
            [
              500710.0,
              9697980.0
            ],
            [
              500710.0,
              9697970.0
            ],
            [
              500720.0,
              9697970.0
            ],
            [
              500720.0,
              9697980.0
            ],
            [
              500710.0,
              9697980.0
            ]
          ]
        ]
      },
      "properties": {
        "alert_id": "DEF_2026_0204",
        "area_ha": 0.09,
        "perimeter_m": 40.0,
        "severity": "High Severity",
        "driver": "Agricultural Clearcut",
        "mean_dnbr": 0.735,
        "centroid_x": 500715.0,
        "centroid_y": 9697975.0,
        "status": "Verified Alert"
      }
    },
    {
      "type": "Feature",
      "geometry": {
        "type": "Polygon",
        "coordinates": [
          [
            [
              501370.0,
              9697980.0
            ],
            [
              501370.0,
              9697970.0
            ],
            [
              501380.0,
              9697970.0
            ],
            [
              501380.0,
              9697980.0
            ],
            [
              501370.0,
              9697980.0
            ]
          ]
        ]
      },
      "properties": {
        "alert_id": "DEF_2026_0205",
        "area_ha": 0.09,
        "perimeter_m": 40.0,
        "severity": "High Severity",
        "driver": "Driver 0",
        "mean_dnbr": 0.716,
        "centroid_x": 501375.0,
        "centroid_y": 9697975.0,
        "status": "Verified Alert"
      }
    },
    {
      "type": "Feature",
      "geometry": {
        "type": "Polygon",
        "coordinates": [
          [
            [
              500700.0,
              9697970.0
            ],
            [
              500700.0,
              9697960.0
            ],
            [
              500710.0,
              9697960.0
            ],
            [
              500710.0,
              9697970.0
            ],
            [
              500700.0,
              9697970.0
            ]
          ]
        ]
      },
      "properties": {
        "alert_id": "DEF_2026_0206",
        "area_ha": 0.09,
        "perimeter_m": 40.0,
        "severity": "High Severity",
        "driver": "Agricultural Clearcut",
        "mean_dnbr": 0.73,
        "centroid_x": 500705.0,
        "centroid_y": 9697965.0,
        "status": "Verified Alert"
      }
    },
    {
      "type": "Feature",
      "geometry": {
        "type": "Polygon",
        "coordinates": [
          [
            [
              501350.0,
              9697970.0
            ],
            [
              501350.0,
              9697960.0
            ],
            [
              501360.0,
              9697960.0
            ],
            [
              501360.0,
              9697970.0
            ],
            [
              501350.0,
              9697970.0
            ]
          ]
        ]
      },
      "properties": {
        "alert_id": "DEF_2026_0207",
        "area_ha": 0.09,
        "perimeter_m": 40.0,
        "severity": "High Severity",
        "driver": "Agricultural Clearcut",
        "mean_dnbr": 0.735,
        "centroid_x": 501355.0,
        "centroid_y": 9697965.0,
        "status": "Verified Alert"
      }
    },
    {
      "type": "Feature",
      "geometry": {
        "type": "Polygon",
        "coordinates": [
          [
            [
              501380.0,
              9697970.0
            ],
            [
              501380.0,
              9697960.0
            ],
            [
              501390.0,
              9697960.0
            ],
            [
              501390.0,
              9697970.0
            ],
            [
              501380.0,
              9697970.0
            ]
          ]
        ]
      },
      "properties": {
        "alert_id": "DEF_2026_0208",
        "area_ha": 0.09,
        "perimeter_m": 40.0,
        "severity": "High Severity",
        "driver": "Driver 0",
        "mean_dnbr": 0.704,
        "centroid_x": 501385.0,
        "centroid_y": 9697965.0,
        "status": "Verified Alert"
      }
    },
    {
      "type": "Feature",
      "geometry": {
        "type": "Polygon",
        "coordinates": [
          [
            [
              501400.0,
              9697970.0
            ],
            [
              501400.0,
              9697960.0
            ],
            [
              501410.0,
              9697960.0
            ],
            [
              501410.0,
              9697970.0
            ],
            [
              501400.0,
              9697970.0
            ]
          ]
        ]
      },
      "properties": {
        "alert_id": "DEF_2026_0209",
        "area_ha": 0.09,
        "perimeter_m": 40.0,
        "severity": "High Severity",
        "driver": "Driver 0",
        "mean_dnbr": 0.703,
        "centroid_x": 501405.0,
        "centroid_y": 9697965.0,
        "status": "Verified Alert"
      }
    },
    {
      "type": "Feature",
      "geometry": {
        "type": "Polygon",
        "coordinates": [
          [
            [
              500680.0,
              9697980.0
            ],
            [
              500680.0,
              9697970.0
            ],
            [
              500670.0,
              9697970.0
            ],
            [
              500670.0,
              9697950.0
            ],
            [
              500680.0,
              9697950.0
            ],
            [
              500680.0,
              9697960.0
            ],
            [
              500690.0,
              9697960.0
            ],
            [
              500690.0,
              9697970.0
            ],
            [
              500700.0,
              9697970.0
            ],
            [
              500700.0,
              9697980.0
            ],
            [
              500680.0,
              9697980.0
            ]
          ]
        ]
      },
      "properties": {
        "alert_id": "DEF_2026_0210",
        "area_ha": 0.45,
        "perimeter_m": 120.0,
        "severity": "High Severity",
        "driver": "Agricultural Clearcut",
        "mean_dnbr": 0.733,
        "centroid_x": 500683.0,
        "centroid_y": 9697967.0,
        "status": "Verified Alert"
      }
    },
    {
      "type": "Feature",
      "geometry": {
        "type": "Polygon",
        "coordinates": [
          [
            [
              500700.0,
              9697950.0
            ],
            [
              500700.0,
              9697930.0
            ],
            [
              500690.0,
              9697930.0
            ],
            [
              500690.0,
              9697940.0
            ],
            [
              500670.0,
              9697940.0
            ],
            [
              500670.0,
              9697930.0
            ],
            [
              500680.0,
              9697930.0
            ],
            [
              500680.0,
              9697910.0
            ],
            [
              500690.0,
              9697910.0
            ],
            [
              500690.0,
              9697920.0
            ],
            [
              500710.0,
              9697920.0
            ],
            [
              500710.0,
              9697930.0
            ],
            [
              500720.0,
              9697930.0
            ],
            [
              500720.0,
              9697910.0
            ],
            [
              500710.0,
              9697910.0
            ],
            [
              500710.0,
              9697900.0
            ],
            [
              500700.0,
              9697900.0
            ],
            [
              500700.0,
              9697890.0
            ],
            [
              500720.0,
              9697890.0
            ],
            [
              500720.0,
              9697900.0
            ],
            [
              500730.0,
              9697900.0
            ],
            [
              500730.0,
              9697940.0
            ],
            [
              500710.0,
              9697940.0
            ],
            [
              500710.0,
              9697950.0
            ],
            [
              500700.0,
              9697950.0
            ]
          ]
        ]
      },
      "properties": {
        "alert_id": "DEF_2026_0211",
        "area_ha": 1.44,
        "perimeter_m": 340.0,
        "severity": "High Severity",
        "driver": "Agricultural Clearcut",
        "mean_dnbr": 0.724,
        "centroid_x": 500705.625,
        "centroid_y": 9697921.875,
        "status": "Verified Alert"
      }
    },
    {
      "type": "Feature",
      "geometry": {
        "type": "Polygon",
        "coordinates": [
          [
            [
              500730.0,
              9697900.0
            ],
            [
              500730.0,
              9697890.0
            ],
            [
              500740.0,
              9697890.0
            ],
            [
              500740.0,
              9697900.0
            ],
            [
              500730.0,
              9697900.0
            ]
          ]
        ]
      },
      "properties": {
        "alert_id": "DEF_2026_0212",
        "area_ha": 0.09,
        "perimeter_m": 40.0,
        "severity": "High Severity",
        "driver": "Agricultural Clearcut",
        "mean_dnbr": 0.713,
        "centroid_x": 500735.0,
        "centroid_y": 9697895.0,
        "status": "Verified Alert"
      }
    },
    {
      "type": "Feature",
      "geometry": {
        "type": "Polygon",
        "coordinates": [
          [
            [
              500690.0,
              9697890.0
            ],
            [
              500690.0,
              9697880.0
            ],
            [
              500700.0,
              9697880.0
            ],
            [
              500700.0,
              9697890.0
            ],
            [
              500690.0,
              9697890.0
            ]
          ]
        ]
      },
      "properties": {
        "alert_id": "DEF_2026_0213",
        "area_ha": 0.09,
        "perimeter_m": 40.0,
        "severity": "High Severity",
        "driver": "Agricultural Clearcut",
        "mean_dnbr": 0.714,
        "centroid_x": 500695.0,
        "centroid_y": 9697885.0,
        "status": "Verified Alert"
      }
    },
    {
      "type": "Feature",
      "geometry": {
        "type": "Polygon",
        "coordinates": [
          [
            [
              500720.0,
              9697890.0
            ],
            [
              500720.0,
              9697880.0
            ],
            [
              500730.0,
              9697880.0
            ],
            [
              500730.0,
              9697890.0
            ],
            [
              500720.0,
              9697890.0
            ]
          ]
        ]
      },
      "properties": {
        "alert_id": "DEF_2026_0214",
        "area_ha": 0.09,
        "perimeter_m": 40.0,
        "severity": "High Severity",
        "driver": "Agricultural Clearcut",
        "mean_dnbr": 0.706,
        "centroid_x": 500725.0,
        "centroid_y": 9697885.0,
        "status": "Verified Alert"
      }
    },
    {
      "type": "Feature",
      "geometry": {
        "type": "Polygon",
        "coordinates": [
          [
            [
              501370.0,
              9697890.0
            ],
            [
              501370.0,
              9697870.0
            ],
            [
              501390.0,
              9697870.0
            ],
            [
              501390.0,
              9697880.0
            ],
            [
              501380.0,
              9697880.0
            ],
            [
              501380.0,
              9697890.0
            ],
            [
              501370.0,
              9697890.0
            ]
          ]
        ]
      },
      "properties": {
        "alert_id": "DEF_2026_0215",
        "area_ha": 0.27,
        "perimeter_m": 80.0,
        "severity": "High Severity",
        "driver": "Driver 0",
        "mean_dnbr": 0.719,
        "centroid_x": 501378.333333,
        "centroid_y": 9697878.333333,
        "status": "Verified Alert"
      }
    },
    {
      "type": "Feature",
      "geometry": {
        "type": "Polygon",
        "coordinates": [
          [
            [
              500710.0,
              9697870.0
            ],
            [
              500710.0,
              9697860.0
            ],
            [
              500720.0,
              9697860.0
            ],
            [
              500720.0,
              9697870.0
            ],
            [
              500710.0,
              9697870.0
            ]
          ]
        ]
      },
      "properties": {
        "alert_id": "DEF_2026_0216",
        "area_ha": 0.09,
        "perimeter_m": 40.0,
        "severity": "High Severity",
        "driver": "Agricultural Clearcut",
        "mean_dnbr": 0.72,
        "centroid_x": 500715.0,
        "centroid_y": 9697865.0,
        "status": "Verified Alert"
      }
    },
    {
      "type": "Feature",
      "geometry": {
        "type": "Polygon",
        "coordinates": [
          [
            [
              500680.0,
              9697870.0
            ],
            [
              500680.0,
              9697850.0
            ],
            [
              500700.0,
              9697850.0
            ],
            [
              500700.0,
              9697860.0
            ],
            [
              500690.0,
              9697860.0
            ],
            [
              500690.0,
              9697870.0
            ],
            [
              500680.0,
              9697870.0
            ]
          ]
        ]
      },
      "properties": {
        "alert_id": "DEF_2026_0217",
        "area_ha": 0.27,
        "perimeter_m": 80.0,
        "severity": "High Severity",
        "driver": "Driver 0",
        "mean_dnbr": 0.719,
        "centroid_x": 500688.333333,
        "centroid_y": 9697858.333333,
        "status": "Verified Alert"
      }
    },
    {
      "type": "Feature",
      "geometry": {
        "type": "Polygon",
        "coordinates": [
          [
            [
              500720.0,
              9697860.0
            ],
            [
              500720.0,
              9697850.0
            ],
            [
              500740.0,
              9697850.0
            ],
            [
              500740.0,
              9697860.0
            ],
            [
              500720.0,
              9697860.0
            ]
          ]
        ]
      },
      "properties": {
        "alert_id": "DEF_2026_0218",
        "area_ha": 0.18,
        "perimeter_m": 60.0,
        "severity": "High Severity",
        "driver": "Agricultural Clearcut",
        "mean_dnbr": 0.742,
        "centroid_x": 500730.0,
        "centroid_y": 9697855.0,
        "status": "Verified Alert"
      }
    },
    {
      "type": "Feature",
      "geometry": {
        "type": "Polygon",
        "coordinates": [
          [
            [
              501360.0,
              9697860.0
            ],
            [
              501360.0,
              9697850.0
            ],
            [
              501370.0,
              9697850.0
            ],
            [
              501370.0,
              9697860.0
            ],
            [
              501360.0,
              9697860.0
            ]
          ]
        ]
      },
      "properties": {
        "alert_id": "DEF_2026_0219",
        "area_ha": 0.09,
        "perimeter_m": 40.0,
        "severity": "High Severity",
        "driver": "Agricultural Clearcut",
        "mean_dnbr": 0.717,
        "centroid_x": 501365.0,
        "centroid_y": 9697855.0,
        "status": "Verified Alert"
      }
    },
    {
      "type": "Feature",
      "geometry": {
        "type": "Polygon",
        "coordinates": [
          [
            [
              500700.0,
              9697840.0
            ],
            [
              500700.0,
              9697830.0
            ],
            [
              500710.0,
              9697830.0
            ],
            [
              500710.0,
              9697840.0
            ],
            [
              500700.0,
              9697840.0
            ]
          ]
        ]
      },
      "properties": {
        "alert_id": "DEF_2026_0220",
        "area_ha": 0.09,
        "perimeter_m": 40.0,
        "severity": "High Severity",
        "driver": "Driver 0",
        "mean_dnbr": 0.741,
        "centroid_x": 500705.0,
        "centroid_y": 9697835.0,
        "status": "Verified Alert"
      }
    },
    {
      "type": "Feature",
      "geometry": {
        "type": "Polygon",
        "coordinates": [
          [
            [
              500730.0,
              9697840.0
            ],
            [
              500730.0,
              9697830.0
            ],
            [
              500740.0,
              9697830.0
            ],
            [
              500740.0,
              9697840.0
            ],
            [
              500730.0,
              9697840.0
            ]
          ]
        ]
      },
      "properties": {
        "alert_id": "DEF_2026_0221",
        "area_ha": 0.09,
        "perimeter_m": 40.0,
        "severity": "High Severity",
        "driver": "Agricultural Clearcut",
        "mean_dnbr": 0.725,
        "centroid_x": 500735.0,
        "centroid_y": 9697835.0,
        "status": "Verified Alert"
      }
    },
    {
      "type": "Feature",
      "geometry": {
        "type": "Polygon",
        "coordinates": [
          [
            [
              501300.0,
              9697830.0
            ],
            [
              501300.0,
              9697820.0
            ],
            [
              501310.0,
              9697820.0
            ],
            [
              501310.0,
              9697830.0
            ],
            [
              501300.0,
              9697830.0
            ]
          ]
        ]
      },
      "properties": {
        "alert_id": "DEF_2026_0222",
        "area_ha": 0.09,
        "perimeter_m": 40.0,
        "severity": "High Severity",
        "driver": "Agricultural Clearcut",
        "mean_dnbr": 0.742,
        "centroid_x": 501305.0,
        "centroid_y": 9697825.0,
        "status": "Verified Alert"
      }
    },
    {
      "type": "Feature",
      "geometry": {
        "type": "Polygon",
        "coordinates": [
          [
            [
              501370.0,
              9697830.0
            ],
            [
              501370.0,
              9697820.0
            ],
            [
              501380.0,
              9697820.0
            ],
            [
              501380.0,
              9697830.0
            ],
            [
              501370.0,
              9697830.0
            ]
          ]
        ]
      },
      "properties": {
        "alert_id": "DEF_2026_0223",
        "area_ha": 0.09,
        "perimeter_m": 40.0,
        "severity": "High Severity",
        "driver": "Driver 0",
        "mean_dnbr": 0.713,
        "centroid_x": 501375.0,
        "centroid_y": 9697825.0,
        "status": "Verified Alert"
      }
    },
    {
      "type": "Feature",
      "geometry": {
        "type": "Polygon",
        "coordinates": [
          [
            [
              501310.0,
              9697820.0
            ],
            [
              501310.0,
              9697800.0
            ],
            [
              501320.0,
              9697800.0
            ],
            [
              501320.0,
              9697820.0
            ],
            [
              501310.0,
              9697820.0
            ]
          ]
        ]
      },
      "properties": {
        "alert_id": "DEF_2026_0224",
        "area_ha": 0.18,
        "perimeter_m": 60.0,
        "severity": "High Severity",
        "driver": "Agricultural Clearcut",
        "mean_dnbr": 0.699,
        "centroid_x": 501315.0,
        "centroid_y": 9697810.0,
        "status": "Verified Alert"
      }
    },
    {
      "type": "Feature",
      "geometry": {
        "type": "Polygon",
        "coordinates": [
          [
            [
              500760.0,
              9697810.0
            ],
            [
              500760.0,
              9697800.0
            ],
            [
              500770.0,
              9697800.0
            ],
            [
              500770.0,
              9697810.0
            ],
            [
              500760.0,
              9697810.0
            ]
          ]
        ]
      },
      "properties": {
        "alert_id": "DEF_2026_0225",
        "area_ha": 0.09,
        "perimeter_m": 40.0,
        "severity": "High Severity",
        "driver": "Agricultural Clearcut",
        "mean_dnbr": 0.701,
        "centroid_x": 500765.0,
        "centroid_y": 9697805.0,
        "status": "Verified Alert"
      }
    },
    {
      "type": "Feature",
      "geometry": {
        "type": "Polygon",
        "coordinates": [
          [
            [
              501340.0,
              9697810.0
            ],
            [
              501340.0,
              9697800.0
            ],
            [
              501350.0,
              9697800.0
            ],
            [
              501350.0,
              9697810.0
            ],
            [
              501340.0,
              9697810.0
            ]
          ]
        ]
      },
      "properties": {
        "alert_id": "DEF_2026_0226",
        "area_ha": 0.09,
        "perimeter_m": 40.0,
        "severity": "High Severity",
        "driver": "Driver 0",
        "mean_dnbr": 0.718,
        "centroid_x": 501345.0,
        "centroid_y": 9697805.0,
        "status": "Verified Alert"
      }
    },
    {
      "type": "Feature",
      "geometry": {
        "type": "Polygon",
        "coordinates": [
          [
            [
              500740.0,
              9697830.0
            ],
            [
              500740.0,
              9697820.0
            ],
            [
              500730.0,
              9697820.0
            ],
            [
              500730.0,
              9697790.0
            ],
            [
              500740.0,
              9697790.0
            ],
            [
              500740.0,
              9697810.0
            ],
            [
              500750.0,
              9697810.0
            ],
            [
              500750.0,
              9697820.0
            ],
            [
              500760.0,
              9697820.0
            ],
            [
              500760.0,
              9697830.0
            ],
            [
              500740.0,
              9697830.0
            ]
          ]
        ]
      },
      "properties": {
        "alert_id": "DEF_2026_0227",
        "area_ha": 0.54,
        "perimeter_m": 140.0,
        "severity": "High Severity",
        "driver": "Agricultural Clearcut",
        "mean_dnbr": 0.718,
        "centroid_x": 500741.666667,
        "centroid_y": 9697813.333333,
        "status": "Verified Alert"
      }
    },
    {
      "type": "Feature",
      "geometry": {
        "type": "Polygon",
        "coordinates": [
          [
            [
              500750.0,
              9697800.0
            ],
            [
              500750.0,
              9697790.0
            ],
            [
              500760.0,
              9697790.0
            ],
            [
              500760.0,
              9697800.0
            ],
            [
              500750.0,
              9697800.0
            ]
          ]
        ]
      },
      "properties": {
        "alert_id": "DEF_2026_0228",
        "area_ha": 0.09,
        "perimeter_m": 40.0,
        "severity": "High Severity",
        "driver": "Agricultural Clearcut",
        "mean_dnbr": 0.707,
        "centroid_x": 500755.0,
        "centroid_y": 9697795.0,
        "status": "Verified Alert"
      }
    },
    {
      "type": "Feature",
      "geometry": {
        "type": "Polygon",
        "coordinates": [
          [
            [
              501320.0,
              9697800.0
            ],
            [
              501320.0,
              9697790.0
            ],
            [
              501330.0,
              9697790.0
            ],
            [
              501330.0,
              9697800.0
            ],
            [
              501320.0,
              9697800.0
            ]
          ]
        ]
      },
      "properties": {
        "alert_id": "DEF_2026_0229",
        "area_ha": 0.09,
        "perimeter_m": 40.0,
        "severity": "High Severity",
        "driver": "Agricultural Clearcut",
        "mean_dnbr": 0.709,
        "centroid_x": 501325.0,
        "centroid_y": 9697795.0,
        "status": "Verified Alert"
      }
    },
    {
      "type": "Feature",
      "geometry": {
        "type": "Polygon",
        "coordinates": [
          [
            [
              500740.0,
              9697780.0
            ],
            [
              500740.0,
              9697770.0
            ],
            [
              500750.0,
              9697770.0
            ],
            [
              500750.0,
              9697780.0
            ],
            [
              500740.0,
              9697780.0
            ]
          ]
        ]
      },
      "properties": {
        "alert_id": "DEF_2026_0230",
        "area_ha": 0.09,
        "perimeter_m": 40.0,
        "severity": "High Severity",
        "driver": "Driver 0",
        "mean_dnbr": 0.711,
        "centroid_x": 500745.0,
        "centroid_y": 9697775.0,
        "status": "Verified Alert"
      }
    },
    {
      "type": "Feature",
      "geometry": {
        "type": "Polygon",
        "coordinates": [
          [
            [
              501310.0,
              9697780.0
            ],
            [
              501310.0,
              9697770.0
            ],
            [
              501320.0,
              9697770.0
            ],
            [
              501320.0,
              9697760.0
            ],
            [
              501330.0,
              9697760.0
            ],
            [
              501330.0,
              9697780.0
            ],
            [
              501310.0,
              9697780.0
            ]
          ]
        ]
      },
      "properties": {
        "alert_id": "DEF_2026_0231",
        "area_ha": 0.27,
        "perimeter_m": 80.0,
        "severity": "High Severity",
        "driver": "Driver 0",
        "mean_dnbr": 0.72,
        "centroid_x": 501321.666667,
        "centroid_y": 9697771.666667,
        "status": "Verified Alert"
      }
    },
    {
      "type": "Feature",
      "geometry": {
        "type": "Polygon",
        "coordinates": [
          [
            [
              500800.0,
              9697770.0
            ],
            [
              500800.0,
              9697760.0
            ],
            [
              500810.0,
              9697760.0
            ],
            [
              500810.0,
              9697770.0
            ],
            [
              500800.0,
              9697770.0
            ]
          ]
        ]
      },
      "properties": {
        "alert_id": "DEF_2026_0232",
        "area_ha": 0.09,
        "perimeter_m": 40.0,
        "severity": "High Severity",
        "driver": "Agricultural Clearcut",
        "mean_dnbr": 0.712,
        "centroid_x": 500805.0,
        "centroid_y": 9697765.0,
        "status": "Verified Alert"
      }
    },
    {
      "type": "Feature",
      "geometry": {
        "type": "Polygon",
        "coordinates": [
          [
            [
              500740.0,
              9697760.0
            ],
            [
              500740.0,
              9697750.0
            ],
            [
              500760.0,
              9697750.0
            ],
            [
              500760.0,
              9697760.0
            ],
            [
              500740.0,
              9697760.0
            ]
          ]
        ]
      },
      "properties": {
        "alert_id": "DEF_2026_0233",
        "area_ha": 0.18,
        "perimeter_m": 60.0,
        "severity": "High Severity",
        "driver": "Driver 0",
        "mean_dnbr": 0.72,
        "centroid_x": 500750.0,
        "centroid_y": 9697755.0,
        "status": "Verified Alert"
      }
    },
    {
      "type": "Feature",
      "geometry": {
        "type": "Polygon",
        "coordinates": [
          [
            [
              500790.0,
              9697760.0
            ],
            [
              500790.0,
              9697750.0
            ],
            [
              500800.0,
              9697750.0
            ],
            [
              500800.0,
              9697760.0
            ],
            [
              500790.0,
              9697760.0
            ]
          ]
        ]
      },
      "properties": {
        "alert_id": "DEF_2026_0234",
        "area_ha": 0.09,
        "perimeter_m": 40.0,
        "severity": "High Severity",
        "driver": "Agricultural Clearcut",
        "mean_dnbr": 0.743,
        "centroid_x": 500795.0,
        "centroid_y": 9697755.0,
        "status": "Verified Alert"
      }
    },
    {
      "type": "Feature",
      "geometry": {
        "type": "Polygon",
        "coordinates": [
          [
            [
              501260.0,
              9697750.0
            ],
            [
              501260.0,
              9697740.0
            ],
            [
              501270.0,
              9697740.0
            ],
            [
              501270.0,
              9697750.0
            ],
            [
              501260.0,
              9697750.0
            ]
          ]
        ]
      },
      "properties": {
        "alert_id": "DEF_2026_0235",
        "area_ha": 0.09,
        "perimeter_m": 40.0,
        "severity": "High Severity",
        "driver": "Agricultural Clearcut",
        "mean_dnbr": 0.713,
        "centroid_x": 501265.0,
        "centroid_y": 9697745.0,
        "status": "Verified Alert"
      }
    },
    {
      "type": "Feature",
      "geometry": {
        "type": "Polygon",
        "coordinates": [
          [
            [
              501270.0,
              9697740.0
            ],
            [
              501270.0,
              9697730.0
            ],
            [
              501280.0,
              9697730.0
            ],
            [
              501280.0,
              9697740.0
            ],
            [
              501270.0,
              9697740.0
            ]
          ]
        ]
      },
      "properties": {
        "alert_id": "DEF_2026_0236",
        "area_ha": 0.09,
        "perimeter_m": 40.0,
        "severity": "High Severity",
        "driver": "Agricultural Clearcut",
        "mean_dnbr": 0.769,
        "centroid_x": 501275.0,
        "centroid_y": 9697735.0,
        "status": "Verified Alert"
      }
    },
    {
      "type": "Feature",
      "geometry": {
        "type": "Polygon",
        "coordinates": [
          [
            [
              501200.0,
              9697710.0
            ],
            [
              501200.0,
              9697700.0
            ],
            [
              501210.0,
              9697700.0
            ],
            [
              501210.0,
              9697710.0
            ],
            [
              501200.0,
              9697710.0
            ]
          ]
        ]
      },
      "properties": {
        "alert_id": "DEF_2026_0237",
        "area_ha": 0.09,
        "perimeter_m": 40.0,
        "severity": "High Severity",
        "driver": "Agricultural Clearcut",
        "mean_dnbr": 0.718,
        "centroid_x": 501205.0,
        "centroid_y": 9697705.0,
        "status": "Verified Alert"
      }
    },
    {
      "type": "Feature",
      "geometry": {
        "type": "Polygon",
        "coordinates": [
          [
            [
              501280.0,
              9697710.0
            ],
            [
              501280.0,
              9697700.0
            ],
            [
              501290.0,
              9697700.0
            ],
            [
              501290.0,
              9697710.0
            ],
            [
              501280.0,
              9697710.0
            ]
          ]
        ]
      },
      "properties": {
        "alert_id": "DEF_2026_0238",
        "area_ha": 0.09,
        "perimeter_m": 40.0,
        "severity": "High Severity",
        "driver": "Driver 0",
        "mean_dnbr": 0.716,
        "centroid_x": 501285.0,
        "centroid_y": 9697705.0,
        "status": "Verified Alert"
      }
    },
    {
      "type": "Feature",
      "geometry": {
        "type": "Polygon",
        "coordinates": [
          [
            [
              501240.0,
              9697720.0
            ],
            [
              501240.0,
              9697710.0
            ],
            [
              501230.0,
              9697710.0
            ],
            [
              501230.0,
              9697700.0
            ],
            [
              501240.0,
              9697700.0
            ],
            [
              501240.0,
              9697690.0
            ],
            [
              501250.0,
              9697690.0
            ],
            [
              501250.0,
              9697710.0
            ],
            [
              501260.0,
              9697710.0
            ],
            [
              501260.0,
              9697720.0
            ],
            [
              501240.0,
              9697720.0
            ]
          ]
        ]
      },
      "properties": {
        "alert_id": "DEF_2026_0239",
        "area_ha": 0.45,
        "perimeter_m": 120.0,
        "severity": "High Severity",
        "driver": "Agricultural Clearcut",
        "mean_dnbr": 0.733,
        "centroid_x": 501245.0,
        "centroid_y": 9697707.0,
        "status": "Verified Alert"
      }
    },
    {
      "type": "Feature",
      "geometry": {
        "type": "Polygon",
        "coordinates": [
          [
            [
              500820.0,
              9697700.0
            ],
            [
              500820.0,
              9697690.0
            ],
            [
              500830.0,
              9697690.0
            ],
            [
              500830.0,
              9697700.0
            ],
            [
              500820.0,
              9697700.0
            ]
          ]
        ]
      },
      "properties": {
        "alert_id": "DEF_2026_0240",
        "area_ha": 0.09,
        "perimeter_m": 40.0,
        "severity": "High Severity",
        "driver": "Driver 0",
        "mean_dnbr": 0.728,
        "centroid_x": 500825.0,
        "centroid_y": 9697695.0,
        "status": "Verified Alert"
      }
    },
    {
      "type": "Feature",
      "geometry": {
        "type": "Polygon",
        "coordinates": [
          [
            [
              500900.0,
              9697700.0
            ],
            [
              500900.0,
              9697690.0
            ],
            [
              500910.0,
              9697690.0
            ],
            [
              500910.0,
              9697700.0
            ],
            [
              500900.0,
              9697700.0
            ]
          ]
        ]
      },
      "properties": {
        "alert_id": "DEF_2026_0241",
        "area_ha": 0.09,
        "perimeter_m": 40.0,
        "severity": "High Severity",
        "driver": "Agricultural Clearcut",
        "mean_dnbr": 0.69,
        "centroid_x": 500905.0,
        "centroid_y": 9697695.0,
        "status": "Verified Alert"
      }
    },
    {
      "type": "Feature",
      "geometry": {
        "type": "Polygon",
        "coordinates": [
          [
            [
              501180.0,
              9697700.0
            ],
            [
              501180.0,
              9697690.0
            ],
            [
              501190.0,
              9697690.0
            ],
            [
              501190.0,
              9697680.0
            ],
            [
              501200.0,
              9697680.0
            ],
            [
              501200.0,
              9697700.0
            ],
            [
              501180.0,
              9697700.0
            ]
          ]
        ]
      },
      "properties": {
        "alert_id": "DEF_2026_0242",
        "area_ha": 0.27,
        "perimeter_m": 80.0,
        "severity": "High Severity",
        "driver": "Agricultural Clearcut",
        "mean_dnbr": 0.733,
        "centroid_x": 501191.666667,
        "centroid_y": 9697691.666667,
        "status": "Verified Alert"
      }
    },
    {
      "type": "Feature",
      "geometry": {
        "type": "Polygon",
        "coordinates": [
          [
            [
              500870.0,
              9697690.0
            ],
            [
              500870.0,
              9697680.0
            ],
            [
              500900.0,
              9697680.0
            ],
            [
              500900.0,
              9697690.0
            ],
            [
              500870.0,
              9697690.0
            ]
          ]
        ]
      },
      "properties": {
        "alert_id": "DEF_2026_0243",
        "area_ha": 0.27,
        "perimeter_m": 80.0,
        "severity": "High Severity",
        "driver": "Agricultural Clearcut",
        "mean_dnbr": 0.689,
        "centroid_x": 500885.0,
        "centroid_y": 9697685.0,
        "status": "Verified Alert"
      }
    },
    {
      "type": "Feature",
      "geometry": {
        "type": "Polygon",
        "coordinates": [
          [
            [
              500910.0,
              9697690.0
            ],
            [
              500910.0,
              9697680.0
            ],
            [
              500920.0,
              9697680.0
            ],
            [
              500920.0,
              9697690.0
            ],
            [
              500910.0,
              9697690.0
            ]
          ]
        ]
      },
      "properties": {
        "alert_id": "DEF_2026_0244",
        "area_ha": 0.09,
        "perimeter_m": 40.0,
        "severity": "High Severity",
        "driver": "Agricultural Clearcut",
        "mean_dnbr": 0.694,
        "centroid_x": 500915.0,
        "centroid_y": 9697685.0,
        "status": "Verified Alert"
      }
    },
    {
      "type": "Feature",
      "geometry": {
        "type": "Polygon",
        "coordinates": [
          [
            [
              500950.0,
              9697680.0
            ],
            [
              500950.0,
              9697670.0
            ],
            [
              500960.0,
              9697670.0
            ],
            [
              500960.0,
              9697680.0
            ],
            [
              500950.0,
              9697680.0
            ]
          ]
        ]
      },
      "properties": {
        "alert_id": "DEF_2026_0245",
        "area_ha": 0.09,
        "perimeter_m": 40.0,
        "severity": "High Severity",
        "driver": "Agricultural Clearcut",
        "mean_dnbr": 0.698,
        "centroid_x": 500955.0,
        "centroid_y": 9697675.0,
        "status": "Verified Alert"
      }
    },
    {
      "type": "Feature",
      "geometry": {
        "type": "Polygon",
        "coordinates": [
          [
            [
              501170.0,
              9697680.0
            ],
            [
              501170.0,
              9697670.0
            ],
            [
              501190.0,
              9697670.0
            ],
            [
              501190.0,
              9697680.0
            ],
            [
              501170.0,
              9697680.0
            ]
          ]
        ]
      },
      "properties": {
        "alert_id": "DEF_2026_0246",
        "area_ha": 0.18,
        "perimeter_m": 60.0,
        "severity": "High Severity",
        "driver": "Agricultural Clearcut",
        "mean_dnbr": 0.727,
        "centroid_x": 501180.0,
        "centroid_y": 9697675.0,
        "status": "Verified Alert"
      }
    },
    {
      "type": "Feature",
      "geometry": {
        "type": "Polygon",
        "coordinates": [
          [
            [
              501210.0,
              9697700.0
            ],
            [
              501210.0,
              9697660.0
            ],
            [
              501220.0,
              9697660.0
            ],
            [
              501220.0,
              9697690.0
            ],
            [
              501230.0,
              9697690.0
            ],
            [
              501230.0,
              9697700.0
            ],
            [
              501210.0,
              9697700.0
            ]
          ]
        ]
      },
      "properties": {
        "alert_id": "DEF_2026_0247",
        "area_ha": 0.45,
        "perimeter_m": 120.0,
        "severity": "High Severity",
        "driver": "Agricultural Clearcut",
        "mean_dnbr": 0.737,
        "centroid_x": 501217.0,
        "centroid_y": 9697683.0,
        "status": "Verified Alert"
      }
    },
    {
      "type": "Feature",
      "geometry": {
        "type": "Polygon",
        "coordinates": [
          [
            [
              500840.0,
              9697680.0
            ],
            [
              500840.0,
              9697660.0
            ],
            [
              500850.0,
              9697660.0
            ],
            [
              500850.0,
              9697680.0
            ],
            [
              500840.0,
              9697680.0
            ]
          ]
        ]
      },
      "properties": {
        "alert_id": "DEF_2026_0248",
        "area_ha": 0.18,
        "perimeter_m": 60.0,
        "severity": "High Severity",
        "driver": "Driver 0",
        "mean_dnbr": 0.708,
        "centroid_x": 500845.0,
        "centroid_y": 9697670.0,
        "status": "Verified Alert"
      }
    },
    {
      "type": "Feature",
      "geometry": {
        "type": "Polygon",
        "coordinates": [
          [
            [
              501030.0,
              9697670.0
            ],
            [
              501030.0,
              9697660.0
            ],
            [
              501040.0,
              9697660.0
            ],
            [
              501040.0,
              9697670.0
            ],
            [
              501030.0,
              9697670.0
            ]
          ]
        ]
      },
      "properties": {
        "alert_id": "DEF_2026_0249",
        "area_ha": 0.09,
        "perimeter_m": 40.0,
        "severity": "High Severity",
        "driver": "Agricultural Clearcut",
        "mean_dnbr": 0.692,
        "centroid_x": 501035.0,
        "centroid_y": 9697665.0,
        "status": "Verified Alert"
      }
    },
    {
      "type": "Feature",
      "geometry": {
        "type": "Polygon",
        "coordinates": [
          [
            [
              501130.0,
              9697670.0
            ],
            [
              501130.0,
              9697660.0
            ],
            [
              501140.0,
              9697660.0
            ],
            [
              501140.0,
              9697670.0
            ],
            [
              501130.0,
              9697670.0
            ]
          ]
        ]
      },
      "properties": {
        "alert_id": "DEF_2026_0250",
        "area_ha": 0.09,
        "perimeter_m": 40.0,
        "severity": "High Severity",
        "driver": "Driver 0",
        "mean_dnbr": 0.733,
        "centroid_x": 501135.0,
        "centroid_y": 9697665.0,
        "status": "Verified Alert"
      }
    },
    {
      "type": "Feature",
      "geometry": {
        "type": "Polygon",
        "coordinates": [
          [
            [
              500900.0,
              9697670.0
            ],
            [
              500900.0,
              9697650.0
            ],
            [
              500910.0,
              9697650.0
            ],
            [
              500910.0,
              9697660.0
            ],
            [
              500920.0,
              9697660.0
            ],
            [
              500920.0,
              9697670.0
            ],
            [
              500900.0,
              9697670.0
            ]
          ]
        ]
      },
      "properties": {
        "alert_id": "DEF_2026_0251",
        "area_ha": 0.27,
        "perimeter_m": 80.0,
        "severity": "High Severity",
        "driver": "Driver 0",
        "mean_dnbr": 0.691,
        "centroid_x": 500908.333333,
        "centroid_y": 9697661.666667,
        "status": "Verified Alert"
      }
    },
    {
      "type": "Feature",
      "geometry": {
        "type": "Polygon",
        "coordinates": [
          [
            [
              501150.0,
              9697670.0
            ],
            [
              501150.0,
              9697650.0
            ],
            [
              501160.0,
              9697650.0
            ],
            [
              501160.0,
              9697660.0
            ],
            [
              501170.0,
              9697660.0
            ],
            [
              501170.0,
              9697670.0
            ],
            [
              501150.0,
              9697670.0
            ]
          ]
        ]
      },
      "properties": {
        "alert_id": "DEF_2026_0252",
        "area_ha": 0.27,
        "perimeter_m": 80.0,
        "severity": "High Severity",
        "driver": "Agricultural Clearcut",
        "mean_dnbr": 0.739,
        "centroid_x": 501158.333333,
        "centroid_y": 9697661.666667,
        "status": "Verified Alert"
      }
    },
    {
      "type": "Feature",
      "geometry": {
        "type": "Polygon",
        "coordinates": [
          [
            [
              500920.0,
              9697660.0
            ],
            [
              500920.0,
              9697650.0
            ],
            [
              500930.0,
              9697650.0
            ],
            [
              500930.0,
              9697660.0
            ],
            [
              500920.0,
              9697660.0
            ]
          ]
        ]
      },
      "properties": {
        "alert_id": "DEF_2026_0253",
        "area_ha": 0.09,
        "perimeter_m": 40.0,
        "severity": "High Severity",
        "driver": "Driver 0",
        "mean_dnbr": 0.696,
        "centroid_x": 500925.0,
        "centroid_y": 9697655.0,
        "status": "Verified Alert"
      }
    },
    {
      "type": "Feature",
      "geometry": {
        "type": "Polygon",
        "coordinates": [
          [
            [
              500950.0,
              9697660.0
            ],
            [
              500950.0,
              9697650.0
            ],
            [
              500960.0,
              9697650.0
            ],
            [
              500960.0,
              9697660.0
            ],
            [
              500950.0,
              9697660.0
            ]
          ]
        ]
      },
      "properties": {
        "alert_id": "DEF_2026_0254",
        "area_ha": 0.09,
        "perimeter_m": 40.0,
        "severity": "High Severity",
        "driver": "Agricultural Clearcut",
        "mean_dnbr": 0.694,
        "centroid_x": 500955.0,
        "centroid_y": 9697655.0,
        "status": "Verified Alert"
      }
    },
    {
      "type": "Feature",
      "geometry": {
        "type": "Polygon",
        "coordinates": [
          [
            [
              501060.0,
              9697660.0
            ],
            [
              501060.0,
              9697650.0
            ],
            [
              501070.0,
              9697650.0
            ],
            [
              501070.0,
              9697660.0
            ],
            [
              501060.0,
              9697660.0
            ]
          ]
        ]
      },
      "properties": {
        "alert_id": "DEF_2026_0255",
        "area_ha": 0.09,
        "perimeter_m": 40.0,
        "severity": "High Severity",
        "driver": "Agricultural Clearcut",
        "mean_dnbr": 0.728,
        "centroid_x": 501065.0,
        "centroid_y": 9697655.0,
        "status": "Verified Alert"
      }
    },
    {
      "type": "Feature",
      "geometry": {
        "type": "Polygon",
        "coordinates": [
          [
            [
              501150.0,
              9698270.0
            ],
            [
              501150.0,
              9698250.0
            ],
            [
              501130.0,
              9698250.0
            ],
            [
              501130.0,
              9698240.0
            ],
            [
              501120.0,
              9698240.0
            ],
            [
              501120.0,
              9698230.0
            ],
            [
              501100.0,
              9698230.0
            ],
            [
              501100.0,
              9698220.0
            ],
            [
              501090.0,
              9698220.0
            ],
            [
              501090.0,
              9698200.0
            ],
            [
              501080.0,
              9698200.0
            ],
            [
              501080.0,
              9698190.0
            ],
            [
              501070.0,
              9698190.0
            ],
            [
              501070.0,
              9698180.0
            ],
            [
              501060.0,
              9698180.0
            ],
            [
              501060.0,
              9698170.0
            ],
            [
              501050.0,
              9698170.0
            ],
            [
              501050.0,
              9698150.0
            ],
            [
              501040.0,
              9698150.0
            ],
            [
              501040.0,
              9698140.0
            ],
            [
              501030.0,
              9698140.0
            ],
            [
              501030.0,
              9698130.0
            ],
            [
              501020.0,
              9698130.0
            ],
            [
              501020.0,
              9698120.0
            ],
            [
              501010.0,
              9698120.0
            ],
            [
              501010.0,
              9698110.0
            ],
            [
              501000.0,
              9698110.0
            ],
            [
              501000.0,
              9698100.0
            ],
            [
              500990.0,
              9698100.0
            ],
            [
              500990.0,
              9698090.0
            ],
            [
              500980.0,
              9698090.0
            ],
            [
              500980.0,
              9698080.0
            ],
            [
              500970.0,
              9698080.0
            ],
            [
              500970.0,
              9698070.0
            ],
            [
              500960.0,
              9698070.0
            ],
            [
              500960.0,
              9698060.0
            ],
            [
              500950.0,
              9698060.0
            ],
            [
              500950.0,
              9698050.0
            ],
            [
              500940.0,
              9698050.0
            ],
            [
              500940.0,
              9698040.0
            ],
            [
              500920.0,
              9698040.0
            ],
            [
              500920.0,
              9698030.0
            ],
            [
              500910.0,
              9698030.0
            ],
            [
              500910.0,
              9698020.0
            ],
            [
              500890.0,
              9698020.0
            ],
            [
              500890.0,
              9698010.0
            ],
            [
              500880.0,
              9698010.0
            ],
            [
              500880.0,
              9698000.0
            ],
            [
              500850.0,
              9698000.0
            ],
            [
              500850.0,
              9697990.0
            ],
            [
              500820.0,
              9697990.0
            ],
            [
              500820.0,
              9697980.0
            ],
            [
              500750.0,
              9697980.0
            ],
            [
              500750.0,
              9697960.0
            ],
            [
              500740.0,
              9697960.0
            ],
            [
              500740.0,
              9697980.0
            ],
            [
              500730.0,
              9697980.0
            ],
            [
              500730.0,
              9697970.0
            ],
            [
              500720.0,
              9697970.0
            ],
            [
              500720.0,
              9697950.0
            ],
            [
              500730.0,
              9697950.0
            ],
            [
              500730.0,
              9697940.0
            ],
            [
              500740.0,
              9697940.0
            ],
            [
              500740.0,
              9697910.0
            ],
            [
              500760.0,
              9697910.0
            ],
            [
              500760.0,
              9697880.0
            ],
            [
              500730.0,
              9697880.0
            ],
            [
              500730.0,
              9697870.0
            ],
            [
              500740.0,
              9697870.0
            ],
            [
              500740.0,
              9697860.0
            ],
            [
              500750.0,
              9697860.0
            ],
            [
              500750.0,
              9697850.0
            ],
            [
              500760.0,
              9697850.0
            ],
            [
              500760.0,
              9697830.0
            ],
            [
              500770.0,
              9697830.0
            ],
            [
              500770.0,
              9697810.0
            ],
            [
              500780.0,
              9697810.0
            ],
            [
              500780.0,
              9697800.0
            ],
            [
              500770.0,
              9697800.0
            ],
            [
              500770.0,
              9697780.0
            ],
            [
              500790.0,
              9697780.0
            ],
            [
              500790.0,
              9697790.0
            ],
            [
              500820.0,
              9697790.0
            ],
            [
              500820.0,
              9697780.0
            ],
            [
              500810.0,
              9697780.0
            ],
            [
              500810.0,
              9697770.0
            ],
            [
              500820.0,
              9697770.0
            ],
            [
              500820.0,
              9697760.0
            ],
            [
              500810.0,
              9697760.0
            ],
            [
              500810.0,
              9697750.0
            ],
            [
              500800.0,
              9697750.0
            ],
            [
              500800.0,
              9697740.0
            ],
            [
              500780.0,
              9697740.0
            ],
            [
              500780.0,
              9697730.0
            ],
            [
              500800.0,
              9697730.0
            ],
            [
              500800.0,
              9697710.0
            ],
            [
              500830.0,
              9697710.0
            ],
            [
              500830.0,
              9697730.0
            ],
            [
              500820.0,
              9697730.0
            ],
            [
              500820.0,
              9697720.0
            ],
            [
              500810.0,
              9697720.0
            ],
            [
              500810.0,
              9697740.0
            ],
            [
              500830.0,
              9697740.0
            ],
            [
              500830.0,
              9697760.0
            ],
            [
              500840.0,
              9697760.0
            ],
            [
              500840.0,
              9697690.0
            ],
            [
              500850.0,
              9697690.0
            ],
            [
              500850.0,
              9697740.0
            ],
            [
              500860.0,
              9697740.0
            ],
            [
              500860.0,
              9697690.0
            ],
            [
              500870.0,
              9697690.0
            ],
            [
              500870.0,
              9697730.0
            ],
            [
              500880.0,
              9697730.0
            ],
            [
              500880.0,
              9697700.0
            ],
            [
              500900.0,
              9697700.0
            ],
            [
              500900.0,
              9697710.0
            ],
            [
              500910.0,
              9697710.0
            ],
            [
              500910.0,
              9697700.0
            ],
            [
              500920.0,
              9697700.0
            ],
            [
              500920.0,
              9697690.0
            ],
            [
              500930.0,
              9697690.0
            ],
            [
              500930.0,
              9697680.0
            ],
            [
              500940.0,
              9697680.0
            ],
            [
              500940.0,
              9697690.0
            ],
            [
              500960.0,
              9697690.0
            ],
            [
              500960.0,
              9697680.0
            ],
            [
              500980.0,
              9697680.0
            ],
            [
              500980.0,
              9697670.0
            ],
            [
              500960.0,
              9697670.0
            ],
            [
              500960.0,
              9697660.0
            ],
            [
              501000.0,
              9697660.0
            ],
            [
              501000.0,
              9697640.0
            ],
            [
              501010.0,
              9697640.0
            ],
            [
              501010.0,
              9697660.0
            ],
            [
              501020.0,
              9697660.0
            ],
            [
              501020.0,
              9697690.0
            ],
            [
              501040.0,
              9697690.0
            ],
            [
              501040.0,
              9697670.0
            ],
            [
              501050.0,
              9697670.0
            ],
            [
              501050.0,
              9697660.0
            ],
            [
              501060.0,
              9697660.0
            ],
            [
              501060.0,
              9697670.0
            ],
            [
              501070.0,
              9697670.0
            ],
            [
              501070.0,
              9697660.0
            ],
            [
              501090.0,
              9697660.0
            ],
            [
              501090.0,
              9697650.0
            ],
            [
              501120.0,
              9697650.0
            ],
            [
              501120.0,
              9697660.0
            ],
            [
              501110.0,
              9697660.0
            ],
            [
              501110.0,
              9697680.0
            ],
            [
              501120.0,
              9697680.0
            ],
            [
              501120.0,
              9697690.0
            ],
            [
              501130.0,
              9697690.0
            ],
            [
              501130.0,
              9697680.0
            ],
            [
              501160.0,
              9697680.0
            ],
            [
              501160.0,
              9697690.0
            ],
            [
              501170.0,
              9697690.0
            ],
            [
              501170.0,
              9697700.0
            ],
            [
              501160.0,
              9697700.0
            ],
            [
              501160.0,
              9697710.0
            ],
            [
              501170.0,
              9697710.0
            ],
            [
              501170.0,
              9697720.0
            ],
            [
              501180.0,
              9697720.0
            ],
            [
              501180.0,
              9697710.0
            ],
            [
              501200.0,
              9697710.0
            ],
            [
              501200.0,
              9697720.0
            ],
            [
              501210.0,
              9697720.0
            ],
            [
              501210.0,
              9697710.0
            ],
            [
              501230.0,
              9697710.0
            ],
            [
              501230.0,
              9697720.0
            ],
            [
              501220.0,
              9697720.0
            ],
            [
              501220.0,
              9697730.0
            ],
            [
              501230.0,
              9697730.0
            ],
            [
              501230.0,
              9697740.0
            ],
            [
              501240.0,
              9697740.0
            ],
            [
              501240.0,
              9697750.0
            ],
            [
              501260.0,
              9697750.0
            ],
            [
              501260.0,
              9697760.0
            ],
            [
              501280.0,
              9697760.0
            ],
            [
              501280.0,
              9697750.0
            ],
            [
              501300.0,
              9697750.0
            ],
            [
              501300.0,
              9697780.0
            ],
            [
              501290.0,
              9697780.0
            ],
            [
              501290.0,
              9697770.0
            ],
            [
              501270.0,
              9697770.0
            ],
            [
              501270.0,
              9697780.0
            ],
            [
              501280.0,
              9697780.0
            ],
            [
              501280.0,
              9697790.0
            ],
            [
              501310.0,
              9697790.0
            ],
            [
              501310.0,
              9697800.0
            ],
            [
              501300.0,
              9697800.0
            ],
            [
              501300.0,
              9697820.0
            ],
            [
              501290.0,
              9697820.0
            ],
            [
              501290.0,
              9697830.0
            ],
            [
              501300.0,
              9697830.0
            ],
            [
              501300.0,
              9697840.0
            ],
            [
              501310.0,
              9697840.0
            ],
            [
              501310.0,
              9697850.0
            ],
            [
              501320.0,
              9697850.0
            ],
            [
              501320.0,
              9697860.0
            ],
            [
              501330.0,
              9697860.0
            ],
            [
              501330.0,
              9697840.0
            ],
            [
              501320.0,
              9697840.0
            ],
            [
              501320.0,
              9697830.0
            ],
            [
              501330.0,
              9697830.0
            ],
            [
              501330.0,
              9697820.0
            ],
            [
              501340.0,
              9697820.0
            ],
            [
              501340.0,
              9697840.0
            ],
            [
              501350.0,
              9697840.0
            ],
            [
              501350.0,
              9697830.0
            ],
            [
              501360.0,
              9697830.0
            ],
            [
              501360.0,
              9697850.0
            ],
            [
              501340.0,
              9697850.0
            ],
            [
              501340.0,
              9697860.0
            ],
            [
              501360.0,
              9697860.0
            ],
            [
              501360.0,
              9697900.0
            ],
            [
              501380.0,
              9697900.0
            ],
            [
              501380.0,
              9697920.0
            ],
            [
              501370.0,
              9697920.0
            ],
            [
              501370.0,
              9697910.0
            ],
            [
              501360.0,
              9697910.0
            ],
            [
              501360.0,
              9697940.0
            ],
            [
              501350.0,
              9697940.0
            ],
            [
              501350.0,
              9697920.0
            ],
            [
              501340.0,
              9697920.0
            ],
            [
              501340.0,
              9697910.0
            ],
            [
              501330.0,
              9697910.0
            ],
            [
              501330.0,
              9697950.0
            ],
            [
              501350.0,
              9697950.0
            ],
            [
              501350.0,
              9697960.0
            ],
            [
              501340.0,
              9697960.0
            ],
            [
              501340.0,
              9697970.0
            ],
            [
              501350.0,
              9697970.0
            ],
            [
              501350.0,
              9697990.0
            ],
            [
              501370.0,
              9697990.0
            ],
            [
              501370.0,
              9698000.0
            ],
            [
              501330.0,
              9698000.0
            ],
            [
              501330.0,
              9698010.0
            ],
            [
              501340.0,
              9698010.0
            ],
            [
              501340.0,
              9698020.0
            ],
            [
              501350.0,
              9698020.0
            ],
            [
              501350.0,
              9698030.0
            ],
            [
              501340.0,
              9698030.0
            ],
            [
              501340.0,
              9698040.0
            ],
            [
              501350.0,
              9698040.0
            ],
            [
              501350.0,
              9698050.0
            ],
            [
              501360.0,
              9698050.0
            ],
            [
              501360.0,
              9698080.0
            ],
            [
              501350.0,
              9698080.0
            ],
            [
              501350.0,
              9698070.0
            ],
            [
              501340.0,
              9698070.0
            ],
            [
              501340.0,
              9698080.0
            ],
            [
              501330.0,
              9698080.0
            ],
            [
              501330.0,
              9698070.0
            ],
            [
              501310.0,
              9698070.0
            ],
            [
              501310.0,
              9698080.0
            ],
            [
              501320.0,
              9698080.0
            ],
            [
              501320.0,
              9698090.0
            ],
            [
              501310.0,
              9698090.0
            ],
            [
              501310.0,
              9698100.0
            ],
            [
              501320.0,
              9698100.0
            ],
            [
              501320.0,
              9698110.0
            ],
            [
              501310.0,
              9698110.0
            ],
            [
              501310.0,
              9698120.0
            ],
            [
              501300.0,
              9698120.0
            ],
            [
              501300.0,
              9698140.0
            ],
            [
              501330.0,
              9698140.0
            ],
            [
              501330.0,
              9698150.0
            ],
            [
              501290.0,
              9698150.0
            ],
            [
              501290.0,
              9698160.0
            ],
            [
              501300.0,
              9698160.0
            ],
            [
              501300.0,
              9698170.0
            ],
            [
              501290.0,
              9698170.0
            ],
            [
              501290.0,
              9698180.0
            ],
            [
              501280.0,
              9698180.0
            ],
            [
              501280.0,
              9698190.0
            ],
            [
              501270.0,
              9698190.0
            ],
            [
              501270.0,
              9698210.0
            ],
            [
              501260.0,
              9698210.0
            ],
            [
              501260.0,
              9698200.0
            ],
            [
              501250.0,
              9698200.0
            ],
            [
              501250.0,
              9698210.0
            ],
            [
              501240.0,
              9698210.0
            ],
            [
              501240.0,
              9698220.0
            ],
            [
              501230.0,
              9698220.0
            ],
            [
              501230.0,
              9698230.0
            ],
            [
              501220.0,
              9698230.0
            ],
            [
              501220.0,
              9698210.0
            ],
            [
              501210.0,
              9698210.0
            ],
            [
              501210.0,
              9698190.0
            ],
            [
              501190.0,
              9698190.0
            ],
            [
              501190.0,
              9698200.0
            ],
            [
              501200.0,
              9698200.0
            ],
            [
              501200.0,
              9698210.0
            ],
            [
              501170.0,
              9698210.0
            ],
            [
              501170.0,
              9698240.0
            ],
            [
              501160.0,
              9698240.0
            ],
            [
              501160.0,
              9698250.0
            ],
            [
              501170.0,
              9698250.0
            ],
            [
              501170.0,
              9698260.0
            ],
            [
              501160.0,
              9698260.0
            ],
            [
              501160.0,
              9698270.0
            ],
            [
              501150.0,
              9698270.0
            ]
          ],
          [
            [
              501150.0,
              9698230.0
            ],
            [
              501160.0,
              9698230.0
            ],
            [
              501160.0,
              9698220.0
            ],
            [
              501150.0,
              9698220.0
            ],
            [
              501150.0,
              9698230.0
            ]
          ],
          [
            [
              501230.0,
              9698210.0
            ],
            [
              501240.0,
              9698210.0
            ],
            [
              501240.0,
              9698190.0
            ],
            [
              501230.0,
              9698190.0
            ],
            [
              501230.0,
              9698210.0
            ]
          ],
          [
            [
              501250.0,
              9698190.0
            ],
            [
              501270.0,
              9698190.0
            ],
            [
              501270.0,
              9698180.0
            ],
            [
              501260.0,
              9698180.0
            ],
            [
              501260.0,
              9698170.0
            ],
            [
              501250.0,
              9698170.0
            ],
            [
              501250.0,
              9698190.0
            ]
          ],
          [
            [
              501230.0,
              9698170.0
            ],
            [
              501240.0,
              9698170.0
            ],
            [
              501240.0,
              9698160.0
            ],
            [
              501230.0,
              9698160.0
            ],
            [
              501230.0,
              9698170.0
            ]
          ],
          [
            [
              501270.0,
              9698150.0
            ],
            [
              501280.0,
              9698150.0
            ],
            [
              501280.0,
              9698140.0
            ],
            [
              501270.0,
              9698140.0
            ],
            [
              501270.0,
              9698150.0
            ]
          ],
          [
            [
              501250.0,
              9698140.0
            ],
            [
              501270.0,
              9698140.0
            ],
            [
              501270.0,
              9698130.0
            ],
            [
              501250.0,
              9698130.0
            ],
            [
              501250.0,
              9698140.0
            ]
          ],
          [
            [
              501280.0,
              9698140.0
            ],
            [
              501290.0,
              9698140.0
            ],
            [
              501290.0,
              9698120.0
            ],
            [
              501300.0,
              9698120.0
            ],
            [
              501300.0,
              9698090.0
            ],
            [
              501280.0,
              9698090.0
            ],
            [
              501280.0,
              9698100.0
            ],
            [
              501290.0,
              9698100.0
            ],
            [
              501290.0,
              9698110.0
            ],
            [
              501280.0,
              9698110.0
            ],
            [
              501280.0,
              9698140.0
            ]
          ],
          [
            [
              501330.0,
              9697990.0
            ],
            [
              501340.0,
              9697990.0
            ],
            [
              501340.0,
              9697980.0
            ],
            [
              501330.0,
              9697980.0
            ],
            [
              501330.0,
              9697990.0
            ]
          ],
          [
            [
              501340.0,
              9697910.0
            ],
            [
              501350.0,
              9697910.0
            ],
            [
              501350.0,
              9697890.0
            ],
            [
              501340.0,
              9697890.0
            ],
            [
              501340.0,
              9697910.0
            ]
          ],
          [
            [
              501320.0,
              9697890.0
            ],
            [
              501340.0,
              9697890.0
            ],
            [
              501340.0,
              9697880.0
            ],
            [
              501350.0,
              9697880.0
            ],
            [
              501350.0,
              9697870.0
            ],
            [
              501330.0,
              9697870.0
            ],
            [
              501330.0,
              9697880.0
            ],
            [
              501320.0,
              9697880.0
            ],
            [
              501320.0,
              9697890.0
            ]
          ],
          [
            [
              501300.0,
              9697870.0
            ],
            [
              501310.0,
              9697870.0
            ],
            [
              501310.0,
              9697860.0
            ],
            [
              501300.0,
              9697860.0
            ],
            [
              501300.0,
              9697870.0
            ]
          ],
          [
            [
              500780.0,
              9697840.0
            ],
            [
              500790.0,
              9697840.0
            ],
            [
              500790.0,
              9697820.0
            ],
            [
              500780.0,
              9697820.0
            ],
            [
              500780.0,
              9697840.0
            ]
          ],
          [
            [
              501280.0,
              9697820.0
            ],
            [
              501290.0,
              9697820.0
            ],
            [
              501290.0,
              9697810.0
            ],
            [
              501280.0,
              9697810.0
            ],
            [
              501280.0,
              9697820.0
            ]
          ],
          [
            [
              501270.0,
              9697800.0
            ],
            [
              501280.0,
              9697800.0
            ],
            [
              501280.0,
              9697790.0
            ],
            [
              501270.0,
              9697790.0
            ],
            [
              501270.0,
              9697800.0
            ]
          ],
          [
            [
              501230.0,
              9697780.0
            ],
            [
              501240.0,
              9697780.0
            ],
            [
              501240.0,
              9697770.0
            ],
            [
              501230.0,
              9697770.0
            ],
            [
              501230.0,
              9697780.0
            ]
          ],
          [
            [
              501250.0,
              9697780.0
            ],
            [
              501260.0,
              9697780.0
            ],
            [
              501260.0,
              9697760.0
            ],
            [
              501250.0,
              9697760.0
            ],
            [
              501250.0,
              9697780.0
            ]
          ],
          [
            [
              501210.0,
              9697760.0
            ],
            [
              501230.0,
              9697760.0
            ],
            [
              501230.0,
              9697750.0
            ],
            [
              501210.0,
              9697750.0
            ],
            [
              501210.0,
              9697760.0
            ]
          ],
          [
            [
              501200.0,
              9697750.0
            ],
            [
              501210.0,
              9697750.0
            ],
            [
              501210.0,
              9697740.0
            ],
            [
              501220.0,
              9697740.0
            ],
            [
              501220.0,
              9697730.0
            ],
            [
              501200.0,
              9697730.0
            ],
            [
              501200.0,
              9697750.0
            ]
          ],
          [
            [
              500970.0,
              9697710.0
            ],
            [
              500980.0,
              9697710.0
            ],
            [
              500980.0,
              9697700.0
            ],
            [
              500970.0,
              9697700.0
            ],
            [
              500970.0,
              9697710.0
            ]
          ],
          [
            [
              501040.0,
              9697700.0
            ],
            [
              501060.0,
              9697700.0
            ],
            [
              501060.0,
              9697690.0
            ],
            [
              501040.0,
              9697690.0
            ],
            [
              501040.0,
              9697700.0
            ]
          ],
          [
            [
              501070.0,
              9697700.0
            ],
            [
              501080.0,
              9697700.0
            ],
            [
              501080.0,
              9697690.0
            ],
            [
              501070.0,
              9697690.0
            ],
            [
              501070.0,
              9697700.0
            ]
          ],
          [
            [
              500990.0,
              9697690.0
            ],
            [
              501000.0,
              9697690.0
            ],
            [
              501000.0,
              9697670.0
            ],
            [
              500990.0,
              9697670.0
            ],
            [
              500990.0,
              9697690.0
            ]
          ],
          [
            [
              501080.0,
              9697690.0
            ],
            [
              501090.0,
              9697690.0
            ],
            [
              501090.0,
              9697680.0
            ],
            [
              501080.0,
              9697680.0
            ],
            [
              501080.0,
              9697690.0
            ]
          ],
          [
            [
              501090.0,
              9697670.0
            ],
            [
              501100.0,
              9697670.0
            ],
            [
              501100.0,
              9697660.0
            ],
            [
              501090.0,
              9697660.0
            ],
            [
              501090.0,
              9697670.0
            ]
          ]
        ]
      },
      "properties": {
        "alert_id": "DEF_2026_0256",
        "area_ha": 209.7,
        "perimeter_m": 5700.0,
        "severity": "High Severity",
        "driver": "Agricultural Clearcut",
        "mean_dnbr": 0.72,
        "centroid_x": 501074.167382,
        "centroid_y": 9697924.665236,
        "status": "Verified Alert"
      }
    },
    {
      "type": "Feature",
      "geometry": {
        "type": "Polygon",
        "coordinates": [
          [
            [
              501080.0,
              9697650.0
            ],
            [
              501080.0,
              9697640.0
            ],
            [
              501090.0,
              9697640.0
            ],
            [
              501090.0,
              9697650.0
            ],
            [
              501080.0,
              9697650.0
            ]
          ]
        ]
      },
      "properties": {
        "alert_id": "DEF_2026_0257",
        "area_ha": 0.09,
        "perimeter_m": 40.0,
        "severity": "High Severity",
        "driver": "Agricultural Clearcut",
        "mean_dnbr": 0.703,
        "centroid_x": 501085.0,
        "centroid_y": 9697645.0,
        "status": "Verified Alert"
      }
    },
    {
      "type": "Feature",
      "geometry": {
        "type": "Polygon",
        "coordinates": [
          [
            [
              501020.0,
              9697660.0
            ],
            [
              501020.0,
              9697640.0
            ],
            [
              501030.0,
              9697640.0
            ],
            [
              501030.0,
              9697630.0
            ],
            [
              501040.0,
              9697630.0
            ],
            [
              501040.0,
              9697650.0
            ],
            [
              501030.0,
              9697650.0
            ],
            [
              501030.0,
              9697660.0
            ],
            [
              501020.0,
              9697660.0
            ]
          ]
        ]
      },
      "properties": {
        "alert_id": "DEF_2026_0258",
        "area_ha": 0.36,
        "perimeter_m": 100.0,
        "severity": "High Severity",
        "driver": "Agricultural Clearcut",
        "mean_dnbr": 0.719,
        "centroid_x": 501030.0,
        "centroid_y": 9697645.0,
        "status": "Verified Alert"
      }
    },
    {
      "type": "Feature",
      "geometry": {
        "type": "Polygon",
        "coordinates": [
          [
            [
              500970.0,
              9697640.0
            ],
            [
              500970.0,
              9697630.0
            ],
            [
              500980.0,
              9697630.0
            ],
            [
              500980.0,
              9697640.0
            ],
            [
              500970.0,
              9697640.0
            ]
          ]
        ]
      },
      "properties": {
        "alert_id": "DEF_2026_0259",
        "area_ha": 0.09,
        "perimeter_m": 40.0,
        "severity": "High Severity",
        "driver": "Driver 0",
        "mean_dnbr": 0.696,
        "centroid_x": 500975.0,
        "centroid_y": 9697635.0,
        "status": "Verified Alert"
      }
    },
    {
      "type": "Feature",
      "geometry": {
        "type": "Polygon",
        "coordinates": [
          [
            [
              501070.0,
              9697640.0
            ],
            [
              501070.0,
              9697630.0
            ],
            [
              501080.0,
              9697630.0
            ],
            [
              501080.0,
              9697640.0
            ],
            [
              501070.0,
              9697640.0
            ]
          ]
        ]
      },
      "properties": {
        "alert_id": "DEF_2026_0260",
        "area_ha": 0.09,
        "perimeter_m": 40.0,
        "severity": "High Severity",
        "driver": "Agricultural Clearcut",
        "mean_dnbr": 0.728,
        "centroid_x": 501075.0,
        "centroid_y": 9697635.0,
        "status": "Verified Alert"
      }
    },
    {
      "type": "Feature",
      "geometry": {
        "type": "Polygon",
        "coordinates": [
          [
            [
              501150.0,
              9697640.0
            ],
            [
              501150.0,
              9697630.0
            ],
            [
              501160.0,
              9697630.0
            ],
            [
              501160.0,
              9697640.0
            ],
            [
              501150.0,
              9697640.0
            ]
          ]
        ]
      },
      "properties": {
        "alert_id": "DEF_2026_0261",
        "area_ha": 0.09,
        "perimeter_m": 40.0,
        "severity": "High Severity",
        "driver": "Driver 0",
        "mean_dnbr": 0.733,
        "centroid_x": 501155.0,
        "centroid_y": 9697635.0,
        "status": "Verified Alert"
      }
    },
    {
      "type": "Feature",
      "geometry": {
        "type": "Polygon",
        "coordinates": [
          [
            [
              501110.0,
              9697630.0
            ],
            [
              501110.0,
              9697620.0
            ],
            [
              501120.0,
              9697620.0
            ],
            [
              501120.0,
              9697630.0
            ],
            [
              501110.0,
              9697630.0
            ]
          ]
        ]
      },
      "properties": {
        "alert_id": "DEF_2026_0262",
        "area_ha": 0.09,
        "perimeter_m": 40.0,
        "severity": "High Severity",
        "driver": "Driver 0",
        "mean_dnbr": 0.716,
        "centroid_x": 501115.0,
        "centroid_y": 9697625.0,
        "status": "Verified Alert"
      }
    },
    {
      "type": "Feature",
      "geometry": {
        "type": "Polygon",
        "coordinates": [
          [
            [
              501130.0,
              9697630.0
            ],
            [
              501130.0,
              9697620.0
            ],
            [
              501140.0,
              9697620.0
            ],
            [
              501140.0,
              9697630.0
            ],
            [
              501130.0,
              9697630.0
            ]
          ]
        ]
      },
      "properties": {
        "alert_id": "DEF_2026_0263",
        "area_ha": 0.09,
        "perimeter_m": 40.0,
        "severity": "High Severity",
        "driver": "Driver 0",
        "mean_dnbr": 0.724,
        "centroid_x": 501135.0,
        "centroid_y": 9697625.0,
        "status": "Verified Alert"
      }
    }
  ]
}