{
  "type": "FeatureCollection",
  "name": "deforestation_alerts",
  "crs": {
    "type": "name",
    "properties": {
      "name": "urn:ogc:def:crs:OGC:1.3:CRS84"
    }
  },
  "features": [
    {
      "type": "Feature",
      "geometry": {
        "type": "Polygon",
        "coordinates": [
          [
            [
              501970.0,
              9699050.0
            ],
            [
              501970.0,
              9699040.0
            ],
            [
              501960.0,
              9699040.0
            ],
            [
              501960.0,
              9699020.0
            ],
            [
              501990.0,
              9699020.0
            ],
            [
              501990.0,
              9699040.0
            ],
            [
              501980.0,
              9699040.0
            ],
            [
              501980.0,
              9699050.0
            ],
            [
              501970.0,
              9699050.0
            ]
          ]
        ]
      },
      "properties": {
        "alert_id": "DEF_2026_0001",
        "area_ha": 0.07,
        "perimeter_m": 120.0,
        "severity": "High Severity",
        "driver": "Unassigned",
        "mean_dnbr": 0.745,
        "centroid_x": 501975.0,
        "centroid_y": 9699032.142857,
        "status": "Verified Alert"
      }
    },
    {
      "type": "Feature",
      "geometry": {
        "type": "Polygon",
        "coordinates": [
          [
            [
              501930.0,
              9699030.0
            ],
            [
              501930.0,
              9699020.0
            ],
            [
              501920.0,
              9699020.0
            ],
            [
              501920.0,
              9699010.0
            ],
            [
              501910.0,
              9699010.0
            ],
            [
              501910.0,
              9699000.0
            ],
            [
              501930.0,
              9699000.0
            ],
            [
              501930.0,
              9699010.0
            ],
            [
              501940.0,
              9699010.0
            ],
            [
              501940.0,
              9699030.0
            ],
            [
              501930.0,
              9699030.0
            ]
          ]
        ]
      },
      "properties": {
        "alert_id": "DEF_2026_0002",
        "area_ha": 0.05,
        "perimeter_m": 120.0,
        "severity": "High Severity",
        "driver": "Unassigned",
        "mean_dnbr": 0.764,
        "centroid_x": 501927.0,
        "centroid_y": 9699013.0,
        "status": "Verified Alert"
      }
    },
    {
      "type": "Feature",
      "geometry": {
        "type": "Polygon",
        "coordinates": [
          [
            [
              501950.0,
              9699020.0
            ],
            [
              501950.0,
              9699000.0
            ],
            [
              501940.0,
              9699000.0
            ],
            [
              501940.0,
              9698990.0
            ],
            [
              501970.0,
              9698990.0
            ],
            [
              501970.0,
              9699000.0
            ],
            [
              501960.0,
              9699000.0
            ],
            [
              501960.0,
              9699020.0
            ],
            [
              501950.0,
              9699020.0
            ]
          ]
        ]
      },
      "properties": {
        "alert_id": "DEF_2026_0003",
        "area_ha": 0.05,
        "perimeter_m": 120.0,
        "severity": "High Severity",
        "driver": "Unassigned",
        "mean_dnbr": 0.755,
        "centroid_x": 501955.0,
        "centroid_y": 9699001.0,
        "status": "Verified Alert"
      }
    },
    {
      "type": "Feature",
      "geometry": {
        "type": "Polygon",
        "coordinates": [
          [
            [
              501900.0,
              9698990.0
            ],
            [
              501900.0,
              9698970.0
            ],
            [
              501910.0,
              9698970.0
            ],
            [
              501910.0,
              9698960.0
            ],
            [
              501940.0,
              9698960.0
            ],
            [
              501940.0,
              9698970.0
            ],
            [
              501950.0,
              9698970.0
            ],
            [
              501950.0,
              9698980.0
            ],
            [
              501930.0,
              9698980.0
            ],
            [
              501930.0,
              9698970.0
            ],
            [
              501920.0,
              9698970.0
            ],
            [
              501920.0,
              9698980.0
            ],
            [
              501910.0,
              9698980.0
            ],
            [
              501910.0,
              9698990.0
            ],
            [
              501900.0,
              9698990.0
            ]
          ]
        ]
      },
      "properties": {
        "alert_id": "DEF_2026_0004",
        "area_ha": 0.08,
        "perimeter_m": 180.0,
        "severity": "High Severity",
        "driver": "Unassigned",
        "mean_dnbr": 0.766,
        "centroid_x": 501922.5,
        "centroid_y": 9698972.5,
        "status": "Verified Alert"
      }
    },
    {
      "type": "Feature",
      "geometry": {
        "type": "Polygon",
        "coordinates": [
          [
            [
              501840.0,
              9698980.0
            ],
            [
              501840.0,
              9698950.0
            ],
            [
              501850.0,
              9698950.0
            ],
            [
              501850.0,
              9698940.0
            ],
            [
              501860.0,
              9698940.0
            ],
            [
              501860.0,
              9698960.0
            ],
            [
              501850.0,
              9698960.0
            ],
            [
              501850.0,
              9698980.0
            ],
            [
              501840.0,
              9698980.0
            ]
          ]
        ]
      },
      "properties": {
        "alert_id": "DEF_2026_0005",
        "area_ha": 0.05,
        "perimeter_m": 120.0,
        "severity": "High Severity",
        "driver": "Unassigned",
        "mean_dnbr": 0.785,
        "centroid_x": 501849.0,
        "centroid_y": 9698959.0,
        "status": "Verified Alert"
      }
    },
    {
      "type": "Feature",
      "geometry": {
        "type": "Polygon",
        "coordinates": [
          [
            [
              501770.0,
              9698850.0
            ],
            [
              501770.0,
              9698840.0
            ],
            [
              501790.0,
              9698840.0
            ],
            [
              501790.0,
              9698830.0
            ],
            [
              501780.0,
              9698830.0
            ],
            [
              501780.0,
              9698820.0
            ],
            [
              501800.0,
              9698820.0
            ],
            [
              501800.0,
              9698810.0
            ],
            [
              501790.0,
              9698810.0
            ],
            [
              501790.0,
              9698800.0
            ],
            [
              501800.0,
              9698800.0
            ],
            [
              501800.0,
              9698790.0
            ],
            [
              501810.0,
              9698790.0
            ],
            [
              501810.0,
              9698830.0
            ],
            [
              501800.0,
              9698830.0
            ],
            [
              501800.0,
              9698850.0
            ],
            [
              501770.0,
              9698850.0
            ]
          ]
        ]
      },
      "properties": {
        "alert_id": "DEF_2026_0006",
        "area_ha": 0.11,
        "perimeter_m": 240.0,
        "severity": "High Severity",
        "driver": "Unassigned",
        "mean_dnbr": 0.772,
        "centroid_x": 501795.0,
        "centroid_y": 9698824.090909,
        "status": "Verified Alert"
      }
    },
    {
      "type": "Feature",
      "geometry": {
        "type": "Polygon",
        "coordinates": [
          [
            [
              502430.0,
              9698800.0
            ],
            [
              502430.0,
              9698790.0
            ],
            [
              502400.0,
              9698790.0
            ],
            [
              502400.0,
              9698770.0
            ],
            [
              502430.0,
              9698770.0
            ],
            [
              502430.0,
              9698780.0
            ],
            [
              502440.0,
              9698780.0
            ],
            [
              502440.0,
              9698800.0
            ],
            [
              502430.0,
              9698800.0
            ]
          ]
        ]
      },
      "properties": {
        "alert_id": "DEF_2026_0007",
        "area_ha": 0.08,
        "perimeter_m": 140.0,
        "severity": "High Severity",
        "driver": "Unassigned",
        "mean_dnbr": 0.729,
        "centroid_x": 502420.0,
        "centroid_y": 9698782.5,
        "status": "Verified Alert"
      }
    },
    {
      "type": "Feature",
      "geometry": {
        "type": "Polygon",
        "coordinates": [
          [
            [
              501790.0,
              9698770.0
            ],
            [
              501790.0,
              9698740.0
            ],
            [
              501780.0,
              9698740.0
            ],
            [
              501780.0,
              9698760.0
            ],
            [
              501770.0,
              9698760.0
            ],
            [
              501770.0,
              9698750.0
            ],
            [
              501760.0,
              9698750.0
            ],
            [
              501760.0,
              9698740.0
            ],
            [
              501770.0,
              9698740.0
            ],
            [
              501770.0,
              9698730.0
            ],
            [
              501800.0,
              9698730.0
            ],
            [
              501800.0,
              9698740.0
            ],
            [
              501810.0,
              9698740.0
            ],
            [
              501810.0,
              9698750.0
            ],
            [
              501800.0,
              9698750.0
            ],
            [
              501800.0,
              9698770.0
            ],
            [
              501790.0,
              9698770.0
            ]
          ]
        ]
      },
      "properties": {
        "alert_id": "DEF_2026_0008",
        "area_ha": 0.1,
        "perimeter_m": 220.0,
        "severity": "High Severity",
        "driver": "Unassigned",
        "mean_dnbr": 0.759,
        "centroid_x": 501786.0,
        "centroid_y": 9698746.0,
        "status": "Verified Alert"
      }
    },
    {
      "type": "Feature",
      "geometry": {
        "type": "Polygon",
        "coordinates": [
          [
            [
              501830.0,
              9698610.0
            ],
            [
              501830.0,
              9698600.0
            ],
            [
              501820.0,
              9698600.0
            ],
            [
              501820.0,
              9698590.0
            ],
            [
              501860.0,
              9698590.0
            ],
            [
              501860.0,
              9698600.0
            ],
            [
              501850.0,
              9698600.0
            ],
            [
              501850.0,
              9698610.0
            ],
            [
              501830.0,
              9698610.0
            ]
          ]
        ]
      },
      "properties": {
        "alert_id": "DEF_2026_0009",
        "area_ha": 0.06,
        "perimeter_m": 120.0,
        "severity": "High Severity",
        "driver": "Unassigned",
        "mean_dnbr": 0.735,
        "centroid_x": 501840.0,
        "centroid_y": 9698598.333333,
        "status": "Verified Alert"
      }
    },
    {
      "type": "Feature",
      "geometry": {
        "type": "Polygon",
        "coordinates": [
          [
            [
              500000.0,
              9698580.0
            ],
            [
              500000.0,
              9698550.0
            ],
            [
              500030.0,
              9698550.0
            ],
            [
              500030.0,
              9698540.0
            ],
            [
              500060.0,
              9698540.0
            ],
            [
              500060.0,
              9698530.0
            ],
            [
              500080.0,
              9698530.0
            ],
            [
              500080.0,
              9698520.0
            ],
            [
              500110.0,
              9698520.0
            ],
            [
              500110.0,
              9698510.0
            ],
            [
              500140.0,
              9698510.0
            ],
            [
              500140.0,
              9698500.0
            ],
            [
              500170.0,
              9698500.0
            ],
            [
              500170.0,
              9698490.0
            ],
            [
              500200.0,
              9698490.0
            ],
            [
              500200.0,
              9698480.0
            ],
            [
              500250.0,
              9698480.0
            ],
            [
              500250.0,
              9698470.0
            ],
            [
              500310.0,
              9698470.0
            ],
            [
              500310.0,
              9698460.0
            ],
            [
              500470.0,
              9698460.0
            ],
            [
              500470.0,
              9698470.0
            ],
            [
              500540.0,
              9698470.0
            ],
            [
              500540.0,
              9698480.0
            ],
            [
              500600.0,
              9698480.0
            ],
            [
              500600.0,
              9698490.0
            ],
            [
              500650.0,
              9698490.0
            ],
            [
              500650.0,
              9698500.0
            ],
            [
              500700.0,
              9698500.0
            ],
            [
              500700.0,
              9698510.0
            ],
            [
              500760.0,
              9698510.0
            ],
            [
              500760.0,
              9698520.0
            ],
            [
              500990.0,
              9698520.0
            ],
            [
              500990.0,
              9698510.0
            ],
            [
              501040.0,
              9698510.0
            ],
            [
              501040.0,
              9698500.0
            ],
            [
              501080.0,
              9698500.0
            ],
            [
              501080.0,
              9698490.0
            ],
            [
              501110.0,
              9698490.0
            ],
            [
              501110.0,
              9698480.0
            ],
            [
              501140.0,
              9698480.0
            ],
            [
              501140.0,
              9698470.0
            ],
            [
              501170.0,
              9698470.0
            ],
            [
              501170.0,
              9698460.0
            ],
            [
              501200.0,
              9698460.0
            ],
            [
              501200.0,
              9698470.0
            ],
            [
              501210.0,
              9698470.0
            ],
            [
              501210.0,
              9698480.0
            ],
            [
              501200.0,
              9698480.0
            ],
            [
              501200.0,
              9698490.0
            ],
            [
              501170.0,
              9698490.0
            ],
            [
              501170.0,
              9698500.0
            ],
            [
              501140.0,
              9698500.0
            ],
            [
              501140.0,
              9698510.0
            ],
            [
              501110.0,
              9698510.0
            ],
            [
              501110.0,
              9698520.0
            ],
            [
              501080.0,
              9698520.0
            ],
            [
              501080.0,
              9698530.0
            ],
            [
              501040.0,
              9698530.0
            ],
            [
              501040.0,
              9698540.0
            ],
            [
              500990.0,
              9698540.0
            ],
            [
              500990.0,
              9698550.0
            ],
            [
              500760.0,
              9698550.0
            ],
            [
              500760.0,
              9698540.0
            ],
            [
              500700.0,
              9698540.0
            ],
            [
              500700.0,
              9698530.0
            ],
            [
              500650.0,
              9698530.0
            ],
            [
              500650.0,
              9698520.0
            ],
            [
              500600.0,
              9698520.0
            ],
            [
              500600.0,
              9698510.0
            ],
            [
              500540.0,
              9698510.0
            ],
            [
              500540.0,
              9698500.0
            ],
            [
              500470.0,
              9698500.0
            ],
            [
              500470.0,
              9698490.0
            ],
            [
              500310.0,
              9698490.0
            ],
            [
              500310.0,
              9698500.0
            ],
            [
              500250.0,
              9698500.0
            ],
            [
              500250.0,
              9698510.0
            ],
            [
              500200.0,
              9698510.0
            ],
            [
              500200.0,
              9698520.0
            ],
            [
              500170.0,
              9698520.0
            ],
            [
              500170.0,
              9698530.0
            ],
            [
              500140.0,
              9698530.0
            ],
            [
              500140.0,
              9698540.0
            ],
            [
              500110.0,
              9698540.0
            ],
            [
              500110.0,
              9698550.0
            ],
            [
              500080.0,
              9698550.0
            ],
            [
              500080.0,
              9698560.0
            ],
            [
              500060.0,
              9698560.0
            ],
            [
              500060.0,
              9698570.0
            ],
            [
              500030.0,
              9698570.0
            ],
            [
              500030.0,
              9698580.0
            ],
            [
              500000.0,
              9698580.0
            ]
          ]
        ]
      },
      "properties": {
        "alert_id": "DEF_2026_0010",
        "area_ha": 3.61,
        "perimeter_m": 2900.0,
        "severity": "High Severity",
        "driver": "Unassigned",
        "mean_dnbr": 0.745,
        "centroid_x": 500601.6759,
        "centroid_y": 9698509.570637,
        "status": "Verified Alert"
      }
    },
    {
      "type": "Feature",
      "geometry": {
        "type": "Polygon",
        "coordinates": [
          [
            [
              501010.0,
              9698290.0
            ],
            [
              501010.0,
              9698280.0
            ],
            [
              500990.0,
              9698280.0
            ],
            [
              500990.0,
              9698270.0
            ],
            [
              501000.0,
              9698270.0
            ],
            [
              501000.0,
              9698260.0
            ],
            [
              501010.0,
              9698260.0
            ],
            [
              501010.0,
              9698270.0
            ],
            [
              501030.0,
              9698270.0
            ],
            [
              501030.0,
              9698280.0
            ],
            [
              501020.0,
              9698280.0
            ],
            [
              501020.0,
              9698290.0
            ],
            [
              501010.0,
              9698290.0
            ]
          ]
        ]
      },
      "properties": {
        "alert_id": "DEF_2026_0011",
        "area_ha": 0.06,
        "perimeter_m": 140.0,
        "severity": "High Severity",
        "driver": "Unassigned",
        "mean_dnbr": 0.75,
        "centroid_x": 501010.0,
        "centroid_y": 9698275.0,
        "status": "Verified Alert"
      }
    },
    {
      "type": "Feature",
      "geometry": {
        "type": "Polygon",
        "coordinates": [
          [
            [
              500860.0,
              9698230.0
            ],
            [
              500860.0,
              9698220.0
            ],
            [
              500850.0,
              9698220.0
            ],
            [
              500850.0,
              9698200.0
            ],
            [
              500830.0,
              9698200.0
            ],
            [
              500830.0,
              9698190.0
            ],
            [
              500820.0,
              9698190.0
            ],
            [
              500820.0,
              9698210.0
            ],
            [
              500810.0,
              9698210.0
            ],
            [
              500810.0,
              9698180.0
            ],
            [
              500820.0,
              9698180.0
            ],
            [
              500820.0,
              9698170.0
            ],
            [
              500840.0,
              9698170.0
            ],
            [
              500840.0,
              9698180.0
            ],
            [
              500850.0,
              9698180.0
            ],
            [
              500850.0,
              9698190.0
            ],
            [
              500860.0,
              9698190.0
            ],
            [
              500860.0,
              9698210.0
            ],
            [
              500870.0,
              9698210.0
            ],
            [
              500870.0,
              9698230.0
            ],
            [
              500860.0,
              9698230.0
            ]
          ]
        ]
      },
      "properties": {
        "alert_id": "DEF_2026_0012",
        "area_ha": 0.15,
        "perimeter_m": 280.0,
        "severity": "High Severity",
        "driver": "Unassigned",
        "mean_dnbr": 0.749,
        "centroid_x": 500839.0,
        "centroid_y": 9698195.666667,
        "status": "Verified Alert"
      }
    },
    {
      "type": "Feature",
      "geometry": {
        "type": "Polygon",
        "coordinates": [
          [
            [
              502150.0,
              9699060.0
            ],
            [
              502150.0,
              9699040.0
            ],
            [
              502140.0,
              9699040.0
            ],
            [
              502140.0,
              9699030.0
            ],
            [
              502130.0,
              9699030.0
            ],
            [
              502130.0,
              9699040.0
            ],
            [
              502120.0,
              9699040.0
            ],
            [
              502120.0,
              9699030.0
            ],
            [
              502100.0,
              9699030.0
            ],
            [
              502100.0,
              9699000.0
            ],
            [
              502090.0,
              9699000.0
            ],
            [
              502090.0,
              9699020.0
            ],
            [
              502070.0,
              9699020.0
            ],
            [
              502070.0,
              9699030.0
            ],
            [
              502060.0,
              9699030.0
            ],
            [
              502060.0,
              9699040.0
            ],
            [
              502040.0,
              9699040.0
            ],
            [
              502040.0,
              9699030.0
            ],
            [
              502050.0,
              9699030.0
            ],
            [
              502050.0,
              9698990.0
            ],
            [
              502040.0,
              9698990.0
            ],
            [
              502040.0,
              9699000.0
            ],
            [
              502030.0,
              9699000.0
            ],
            [
              502030.0,
              9699010.0
            ],
            [
              502020.0,
              9699010.0
            ],
            [
              502020.0,
              9699020.0
            ],
            [
              502010.0,
              9699020.0
            ],
            [
              502010.0,
              9699000.0
            ],
            [
              501980.0,
              9699000.0
            ],
            [
              501980.0,
              9698970.0
            ],
            [
              501960.0,
              9698970.0
            ],
            [
              501960.0,
              9698960.0
            ],
            [
              501940.0,
              9698960.0
            ],
            [
              501940.0,
              9698950.0
            ],
            [
              501920.0,
              9698950.0
            ],
            [
              501920.0,
              9698940.0
            ],
            [
              501910.0,
              9698940.0
            ],
            [
              501910.0,
              9698950.0
            ],
            [
              501900.0,
              9698950.0
            ],
            [
              501900.0,
              9698940.0
            ],
            [
              501890.0,
              9698940.0
            ],
            [
              501890.0,
              9698920.0
            ],
            [
              501870.0,
              9698920.0
            ],
            [
              501870.0,
              9698910.0
            ],
            [
              501860.0,
              9698910.0
            ],
            [
              501860.0,
              9698920.0
            ],
            [
              501850.0,
              9698920.0
            ],
            [
              501850.0,
              9698900.0
            ],
            [
              501840.0,
              9698900.0
            ],
            [
              501840.0,
              9698910.0
            ],
            [
              501830.0,
              9698910.0
            ],
            [
              501830.0,
              9698900.0
            ],
            [
              501820.0,
              9698900.0
            ],
            [
              501820.0,
              9698880.0
            ],
            [
              501830.0,
              9698880.0
            ],
            [
              501830.0,
              9698890.0
            ],
            [
              501840.0,
              9698890.0
            ],
            [
              501840.0,
              9698880.0
            ],
            [
              501850.0,
              9698880.0
            ],
            [
              501850.0,
              9698870.0
            ],
            [
              501840.0,
              9698870.0
            ],
            [
              501840.0,
              9698860.0
            ],
            [
              501830.0,
              9698860.0
            ],
            [
              501830.0,
              9698850.0
            ],
            [
              501840.0,
              9698850.0
            ],
            [
              501840.0,
              9698840.0
            ],
            [
              501820.0,
              9698840.0
            ],
            [
              501820.0,
              9698860.0
            ],
            [
              501810.0,
              9698860.0
            ],
            [
              501810.0,
              9698830.0
            ],
            [
              501820.0,
              9698830.0
            ],
            [
              501820.0,
              9698780.0
            ],
            [
              501800.0,
              9698780.0
            ],
            [
              501800.0,
              9698770.0
            ],
            [
              501810.0,
              9698770.0
            ],
            [
              501810.0,
              9698750.0
            ],
            [
              501820.0,
              9698750.0
            ],
            [
              501820.0,
              9698740.0
            ],
            [
              501810.0,
              9698740.0
            ],
            [
              501810.0,
              9698730.0
            ],
            [
              501800.0,
              9698730.0
            ],
            [
              501800.0,
              9698720.0
            ],
            [
              501790.0,
              9698720.0
            ],
            [
              501790.0,
              9698700.0
            ],
            [
              501800.0,
              9698700.0
            ],
            [
              501800.0,
              9698680.0
            ],
            [
              501810.0,
              9698680.0
            ],
            [
              501810.0,
              9698670.0
            ],
            [
              501820.0,
              9698670.0
            ],
            [
              501820.0,
              9698640.0
            ],
            [
              501810.0,
              9698640.0
            ],
            [
              501810.0,
              9698650.0
            ],
            [
              501800.0,
              9698650.0
            ],
            [
              501800.0,
              9698660.0
            ],
            [
              501790.0,
              9698660.0
            ],
            [
              501790.0,
              9698610.0
            ],
            [
              501800.0,
              9698610.0
            ],
            [
              501800.0,
              9698630.0
            ],
            [
              501830.0,
              9698630.0
            ],
            [
              501830.0,
              9698620.0
            ],
            [
              501850.0,
              9698620.0
            ],
            [
              501850.0,
              9698610.0
            ],
            [
              501860.0,
              9698610.0
            ],
            [
              501860.0,
              9698600.0
            ],
            [
              501870.0,
              9698600.0
            ],
            [
              501870.0,
              9698590.0
            ],
            [
              501860.0,
              9698590.0
            ],
            [
              501860.0,
              9698570.0
            ],
            [
              501880.0,
              9698570.0
            ],
            [
              501880.0,
              9698550.0
            ],
            [
              501870.0,
              9698550.0
            ],
            [
              501870.0,
              9698540.0
            ],
            [
              501910.0,
              9698540.0
            ],
            [
              501910.0,
              9698520.0
            ],
            [
              501920.0,
              9698520.0
            ],
            [
              501920.0,
              9698530.0
            ],
            [
              501930.0,
              9698530.0
            ],
            [
              501930.0,
              9698520.0
            ],
            [
              501940.0,
              9698520.0
            ],
            [
              501940.0,
              9698530.0
            ],
            [
              501960.0,
              9698530.0
            ],
            [
              501960.0,
              9698520.0
            ],
            [
              501950.0,
              9698520.0
            ],
            [
              501950.0,
              9698510.0
            ],
            [
              501960.0,
              9698510.0
            ],
            [
              501960.0,
              9698500.0
            ],
            [
              501970.0,
              9698500.0
            ],
            [
              501970.0,
              9698490.0
            ],
            [
              501950.0,
              9698490.0
            ],
            [
              501950.0,
              9698480.0
            ],
            [
              501960.0,
              9698480.0
            ],
            [
              501960.0,
              9698470.0
            ],
            [
              501970.0,
              9698470.0
            ],
            [
              501970.0,
              9698480.0
            ],
            [
              502000.0,
              9698480.0
            ],
            [
              502000.0,
              9698470.0
            ],
            [
              502010.0,
              9698470.0
            ],
            [
              502010.0,
              9698460.0
            ],
            [
              502020.0,
              9698460.0
            ],
            [
              502020.0,
              9698480.0
            ],
            [
              502030.0,
              9698480.0
            ],
            [
              502030.0,
              9698460.0
            ],
            [
              502040.0,
              9698460.0
            ],
            [
              502040.0,
              9698470.0
            ],
            [
              502050.0,
              9698470.0
            ],
            [
              502050.0,
              9698480.0
            ],
            [
              502080.0,
              9698480.0
            ],
            [
              502080.0,
              9698490.0
            ],
            [
              502090.0,
              9698490.0
            ],
            [
              502090.0,
              9698480.0
            ],
            [
              502100.0,
              9698480.0
            ],
            [
              502100.0,
              9698470.0
            ],
            [
              502080.0,
              9698470.0
            ],
            [
              502080.0,
              9698460.0
            ],
            [
              502090.0,
              9698460.0
            ],
            [
              502090.0,
              9698450.0
            ],
            [
              502080.0,
              9698450.0
            ],
            [
              502080.0,
              9698440.0
            ],
            [
              502090.0,
              9698440.0
            ],
            [
              502090.0,
              9698430.0
            ],
            [
              502060.0,
              9698430.0
            ],
            [
              502060.0,
              9698420.0
            ],
            [
              501990.0,
              9698420.0
            ],
            [
              501990.0,
              9698410.0
            ],
            [
              501930.0,
              9698410.0
            ],
            [
              501930.0,
              9698400.0
            ],
            [
              501920.0,
              9698400.0
            ],
            [
              501920.0,
              9698420.0
            ],
            [
              501910.0,
              9698420.0
            ],
            [
              501910.0,
              9698410.0
            ],
            [
              501880.0,
              9698410.0
            ],
            [
              501880.0,
              9698440.0
            ],
            [
              501840.0,
              9698440.0
            ],
            [
              501840.0,
              9698430.0
            ],
            [
              501760.0,
              9698430.0
            ],
            [
              501760.0,
              9698460.0
            ],
            [
              501750.0,
              9698460.0
            ],
            [
              501750.0,
              9698450.0
            ],
            [
              501720.0,
              9698450.0
            ],
            [
              501720.0,
              9698440.0
            ],
            [
              501710.0,
              9698440.0
            ],
            [
              501710.0,
              9698450.0
            ],
            [
              501700.0,
              9698450.0
            ],
            [
              501700.0,
              9698440.0
            ],
            [
              501690.0,
              9698440.0
            ],
            [
              501690.0,
              9698450.0
            ],
            [
              501680.0,
              9698450.0
            ],
            [
              501680.0,
              9698460.0
            ],
            [
              501660.0,
              9698460.0
            ],
            [
              501660.0,
              9698450.0
            ],
            [
              501670.0,
              9698450.0
            ],
            [
              501670.0,
              9698440.0
            ],
            [
              501660.0,
              9698440.0
            ],
            [
              501660.0,
              9698430.0
            ],
            [
              501680.0,
              9698430.0
            ],
            [
              501680.0,
              9698420.0
            ],
            [
              501670.0,
              9698420.0
            ],
            [
              501670.0,
              9698410.0
            ],
            [
              501680.0,
              9698410.0
            ],
            [
              501680.0,
              9698400.0
            ],
            [
              501690.0,
              9698400.0
            ],
            [
              501690.0,
              9698390.0
            ],
            [
              501700.0,
              9698390.0
            ],
            [
              501700.0,
              9698370.0
            ],
            [
              501710.0,
              9698370.0
            ],
            [
              501710.0,
              9698360.0
            ],
            [
              501720.0,
              9698360.0
            ],
            [
              501720.0,
              9698350.0
            ],
            [
              501730.0,
              9698350.0
            ],
            [
              501730.0,
              9698340.0
            ],
            [
              501740.0,
              9698340.0
            ],
            [
              501740.0,
              9698320.0
            ],
            [
              501750.0,
              9698320.0
            ],
            [
              501750.0,
              9698310.0
            ],
            [
              501760.0,
              9698310.0
            ],
            [
              501760.0,
              9698300.0
            ],
            [
              501770.0,
              9698300.0
            ],
            [
              501770.0,
              9698270.0
            ],
            [
              501790.0,
              9698270.0
            ],
            [
              501790.0,
              9698260.0
            ],
            [
              501800.0,
              9698260.0
            ],
            [
              501800.0,
              9698250.0
            ],
            [
              501810.0,
              9698250.0
            ],
            [
              501810.0,
              9698240.0
            ],
            [
              501820.0,
              9698240.0
            ],
            [
              501820.0,
              9698230.0
            ],
            [
              501830.0,
              9698230.0
            ],
            [
              501830.0,
              9698220.0
            ],
            [
              501840.0,
              9698220.0
            ],
            [
              501840.0,
              9698190.0
            ],
            [
              501870.0,
              9698190.0
            ],
            [
              501870.0,
              9698180.0
            ],
            [
              501880.0,
              9698180.0
            ],
            [
              501880.0,
              9698170.0
            ],
            [
              501890.0,
              9698170.0
            ],
            [
              501890.0,
              9698160.0
            ],
            [
              501900.0,
              9698160.0
            ],
            [
              501900.0,
              9698150.0
            ],
            [
              501910.0,
              9698150.0
            ],
            [
              501910.0,
              9698140.0
            ],
            [
              501930.0,
              9698140.0
            ],
            [
              501930.0,
              9698130.0
            ],
            [
              501940.0,
              9698130.0
            ],
            [
              501940.0,
              9698140.0
            ],
            [
              501960.0,
              9698140.0
            ],
            [
              501960.0,
              9698150.0
            ],
            [
              501940.0,
              9698150.0
            ],
            [
              501940.0,
              9698170.0
            ],
            [
              501950.0,
              9698170.0
            ],
            [
              501950.0,
              9698180.0
            ],
            [
              501970.0,
              9698180.0
            ],
            [
              501970.0,
              9698170.0
            ],
            [
              501980.0,
              9698170.0
            ],
            [
              501980.0,
              9698190.0
            ],
            [
              502000.0,
              9698190.0
            ],
            [
              502000.0,
              9698180.0
            ],
            [
              502010.0,
              9698180.0
            ],
            [
              502010.0,
              9698200.0
            ],
            [
              502030.0,
              9698200.0
            ],
            [
              502030.0,
              9698210.0
            ],
            [
              502020.0,
              9698210.0
            ],
            [
              502020.0,
              9698220.0
            ],
            [
              502010.0,
              9698220.0
            ],
            [
              502010.0,
              9698230.0
            ],
            [
              502000.0,
              9698230.0
            ],
            [
              502000.0,
              9698250.0
            ],
            [
              502020.0,
              9698250.0
            ],
            [
              502020.0,
              9698260.0
            ],
            [
              502010.0,
              9698260.0
            ],
            [
              502010.0,
              9698270.0
            ],
            [
              502020.0,
              9698270.0
            ],
            [
              502020.0,
              9698280.0
            ],
            [
              502010.0,
              9698280.0
            ],
            [
              502010.0,
              9698300.0
            ],
            [
              502000.0,
              9698300.0
            ],
            [
              502000.0,
              9698310.0
            ],
            [
              501990.0,
              9698310.0
            ],
            [
              501990.0,
              9698330.0
            ],
            [
              502000.0,
              9698330.0
            ],
            [
              502000.0,
              9698340.0
            ],
            [
              501970.0,
              9698340.0
            ],
            [
              501970.0,
              9698370.0
            ],
            [
              501980.0,
              9698370.0
            ],
            [
              501980.0,
              9698380.0
            ],
            [
              501990.0,
              9698380.0
            ],
            [
              501990.0,
              9698390.0
            ],
            [
              502060.0,
              9698390.0
            ],
            [
              502060.0,
              9698400.0
            ],
            [
              502200.0,
              9698400.0
            ],
            [
              502200.0,
              9698390.0
            ],
            [
              502270.0,
              9698390.0
            ],
            [
              502270.0,
              9698380.0
            ],
            [
              502320.0,
              9698380.0
            ],
            [
              502320.0,
              9698370.0
            ],
            [
              502350.0,
              9698370.0
            ],
            [
              502350.0,
              9698360.0
            ],
            [
              502380.0,
              9698360.0
            ],
            [
              502380.0,
              9698350.0
            ],
            [
              502410.0,
              9698350.0
            ],
            [
              502410.0,
              9698340.0
            ],
            [
              502440.0,
              9698340.0
            ],
            [
              502440.0,
              9698330.0
            ],
            [
              502460.0,
              9698330.0
            ],
            [
              502460.0,
              9698320.0
            ],
            [
              502490.0,
              9698320.0
            ],
            [
              502490.0,
              9698310.0
            ],
            [
              502510.0,
              9698310.0
            ],
            [
              502510.0,
              9698300.0
            ],
            [
              502540.0,
              9698300.0
            ],
            [
              502540.0,
              9698290.0
            ],
            [
              502560.0,
              9698290.0
            ],
            [
              502560.0,
              9698320.0
            ],
            [
              502540.0,
              9698320.0
            ],
            [
              502540.0,
              9698330.0
            ],
            [
              502510.0,
              9698330.0
            ],
            [
              502510.0,
              9698340.0
            ],
            [
              502490.0,
              9698340.0
            ],
            [
              502490.0,
              9698350.0
            ],
            [
              502460.0,
              9698350.0
            ],
            [
              502460.0,
              9698360.0
            ],
            [
              502440.0,
              9698360.0
            ],
            [
              502440.0,
              9698370.0
            ],
            [
              502410.0,
              9698370.0
            ],
            [
              502410.0,
              9698380.0
            ],
            [
              502380.0,
              9698380.0
            ],
            [
              502380.0,
              9698390.0
            ],
            [
              502350.0,
              9698390.0
            ],
            [
              502350.0,
              9698400.0
            ],
            [
              502320.0,
              9698400.0
            ],
            [
              502320.0,
              9698410.0
            ],
            [
              502270.0,
              9698410.0
            ],
            [
              502270.0,
              9698420.0
            ],
            [
              502200.0,
              9698420.0
            ],
            [
              502200.0,
              9698430.0
            ],
            [
              502160.0,
              9698430.0
            ],
            [
              502160.0,
              9698440.0
            ],
            [
              502170.0,
              9698440.0
            ],
            [
              502170.0,
              9698450.0
            ],
            [
              502160.0,
              9698450.0
            ],
            [
              502160.0,
              9698460.0
            ],
            [
              502150.0,
              9698460.0
            ],
            [
              502150.0,
              9698430.0
            ],
            [
              502100.0,
              9698430.0
            ],
            [
              502100.0,
              9698440.0
            ],
            [
              502110.0,
              9698440.0
            ],
            [
              502110.0,
              9698450.0
            ],
            [
              502120.0,
              9698450.0
            ],
            [
              502120.0,
              9698460.0
            ],
            [
              502140.0,
              9698460.0
            ],
            [
              502140.0,
              9698470.0
            ],
            [
              502150.0,
              9698470.0
            ],
            [
              502150.0,
              9698480.0
            ],
            [
              502160.0,
              9698480.0
            ],
            [
              502160.0,
              9698470.0
            ],
            [
              502190.0,
              9698470.0
            ],
            [
              502190.0,
              9698480.0
            ],
            [
              502210.0,
              9698480.0
            ],
            [
              502210.0,
              9698490.0
            ],
            [
              502230.0,
              9698490.0
            ],
            [
              502230.0,
              9698480.0
            ],
            [
              502240.0,
              9698480.0
            ],
            [
              502240.0,
              9698500.0
            ],
            [
              502270.0,
              9698500.0
            ],
            [
              502270.0,
              9698490.0
            ],
            [
              502280.0,
              9698490.0
            ],
            [
              502280.0,
              9698500.0
            ],
            [
              502290.0,
              9698500.0
            ],
            [
              502290.0,
              9698490.0
            ],
            [
              502300.0,
              9698490.0
            ],
            [
              502300.0,
              9698510.0
            ],
            [
              502310.0,
              9698510.0
            ],
            [
              502310.0,
              9698520.0
            ],
            [
              502300.0,
              9698520.0
            ],
            [
              502300.0,
              9698570.0
            ],
            [
              502310.0,
              9698570.0
            ],
            [
              502310.0,
              9698560.0
            ],
            [
              502320.0,
              9698560.0
            ],
            [
              502320.0,
              9698540.0
            ],
            [
              502310.0,
              9698540.0
            ],
            [
              502310.0,
              9698530.0
            ],
            [
              502320.0,
              9698530.0
            ],
            [
              502320.0,
              9698510.0
            ],
            [
              502330.0,
              9698510.0
            ],
            [
              502330.0,
              9698520.0
            ],
            [
              502350.0,
              9698520.0
            ],
            [
              502350.0,
              9698530.0
            ],
            [
              502330.0,
              9698530.0
            ],
            [
              502330.0,
              9698560.0
            ],
            [
              502340.0,
              9698560.0
            ],
            [
              502340.0,
              9698550.0
            ],
            [
              502360.0,
              9698550.0
            ],
            [
              502360.0,
              9698560.0
            ],
            [
              502370.0,
              9698560.0
            ],
            [
              502370.0,
              9698580.0
            ],
            [
              502360.0,
              9698580.0
            ],
            [
              502360.0,
              9698600.0
            ],
            [
              502390.0,
              9698600.0
            ],
            [
              502390.0,
              9698610.0
            ],
            [
              502400.0,
              9698610.0
            ],
            [
              502400.0,
              9698620.0
            ],
            [
              502410.0,
              9698620.0
            ],
            [
              502410.0,
              9698630.0
            ],
            [
              502400.0,
              9698630.0
            ],
            [
              502400.0,
              9698640.0
            ],
            [
              502390.0,
              9698640.0
            ],
            [
              502390.0,
              9698670.0
            ],
            [
              502380.0,
              9698670.0
            ],
            [
              502380.0,
              9698680.0
            ],
            [
              502420.0,
              9698680.0
            ],
            [
              502420.0,
              9698700.0
            ],
            [
              502440.0,
              9698700.0
            ],
            [
              502440.0,
              9698710.0
            ],
            [
              502430.0,
              9698710.0
            ],
            [
              502430.0,
              9698720.0
            ],
            [
              502410.0,
              9698720.0
            ],
            [
              502410.0,
              9698730.0
            ],
            [
              502420.0,
              9698730.0
            ],
            [
              502420.0,
              9698740.0
            ],
            [
              502410.0,
              9698740.0
            ],
            [
              502410.0,
              9698750.0
            ],
            [
              502420.0,
              9698750.0
            ],
            [
              502420.0,
              9698760.0
            ],
            [
              502400.0,
              9698760.0
            ],
            [
              502400.0,
              9698770.0
            ],
            [
              502390.0,
              9698770.0
            ],
            [
              502390.0,
              9698790.0
            ],
            [
              502400.0,
              9698790.0
            ],
            [
              502400.0,
              9698800.0
            ],
            [
              502430.0,
              9698800.0
            ],
            [
              502430.0,
              9698810.0
            ],
            [
              502420.0,
              9698810.0
            ],
            [
              502420.0,
              9698820.0
            ],
            [
              502400.0,
              9698820.0
            ],
            [
              502400.0,
              9698830.0
            ],
            [
              502390.0,
              9698830.0
            ],
            [
              502390.0,
              9698840.0
            ],
            [
              502410.0,
              9698840.0
            ],
            [
              502410.0,
              9698830.0
            ],
            [
              502420.0,
              9698830.0
            ],
            [
              502420.0,
              9698850.0
            ],
            [
              502380.0,
              9698850.0
            ],
            [
              502380.0,
              9698880.0
            ],
            [
              502370.0,
              9698880.0
            ],
            [
              502370.0,
              9698890.0
            ],
            [
              502360.0,
              9698890.0
            ],
            [
              502360.0,
              9698900.0
            ],
            [
              502350.0,
              9698900.0
            ],
            [
              502350.0,
              9698920.0
            ],
            [
              502340.0,
              9698920.0
            ],
            [
              502340.0,
              9698930.0
            ],
            [
              502320.0,
              9698930.0
            ],
            [
              502320.0,
              9698950.0
            ],
            [
              502330.0,
              9698950.0
            ],
            [
              502330.0,
              9698970.0
            ],
            [
              502300.0,
              9698970.0
            ],
            [
              502300.0,
              9698950.0
            ],
            [
              502290.0,
              9698950.0
            ],
            [
              502290.0,
              9698960.0
            ],
            [
              502280.0,
              9698960.0
            ],
            [
              502280.0,
              9698970.0
            ],
            [
              502270.0,
              9698970.0
            ],
            [
              502270.0,
              9698990.0
            ],
            [
              502260.0,
              9698990.0
            ],
            [
              502260.0,
              9698980.0
            ],
            [
              502250.0,
              9698980.0
            ],
            [
              502250.0,
              9698990.0
            ],
            [
              502240.0,
              9698990.0
            ],
            [
              502240.0,
              9699000.0
            ],
            [
              502230.0,
              9699000.0
            ],
            [
              502230.0,
              9699010.0
            ],
            [
              502240.0,
              9699010.0
            ],
            [
              502240.0,
              9699020.0
            ],
            [
              502210.0,
              9699020.0
            ],
            [
              502210.0,
              9699000.0
            ],
            [
              502200.0,
              9699000.0
            ],
            [
              502200.0,
              9698990.0
            ],
            [
              502180.0,
              9698990.0
            ],
            [
              502180.0,
              9699000.0
            ],
            [
              502170.0,
              9699000.0
            ],
            [
              502170.0,
              9699010.0
            ],
            [
              502190.0,
              9699010.0
            ],
            [
              502190.0,
              9699020.0
            ],
            [
              502180.0,
              9699020.0
            ],
            [
              502180.0,
              9699040.0
            ],
            [
              502160.0,
              9699040.0
            ],
            [
              502160.0,
              9699050.0
            ],
            [
              502170.0,
              9699050.0
            ],
            [
              502170.0,
              9699060.0
            ],
            [
              502150.0,
              9699060.0
            ]
          ],
          [
            [
              502060.0,
              9699020.0
            ],
            [
              502070.0,
              9699020.0
            ],
            [
              502070.0,
              9699010.0
            ],
            [
              502060.0,
              9699010.0
            ],
            [
              502060.0,
              9699020.0
            ]
          ],
          [
            [
              502130.0,
              9699020.0
            ],
            [
              502160.0,
              9699020.0
            ],
            [
              502160.0,
              9699000.0
            ],
            [
              502150.0,
              9699000.0
            ],
            [
              502150.0,
              9699010.0
            ],
            [
              502130.0,
              9699010.0
            ],
            [
              502130.0,
              9699020.0
            ]
          ],
          [
            [
              502080.0,
              9699000.0
            ],
            [
              502090.0,
              9699000.0
            ],
            [
              502090.0,
              9698990.0
            ],
            [
              502080.0,
              9698990.0
            ],
            [
              502080.0,
              9699000.0
            ]
          ],
          [
            [
              502140.0,
              9699000.0
            ],
            [
              502150.0,
              9699000.0
            ],
            [
              502150.0,
              9698990.0
            ],
            [
              502140.0,
              9698990.0
            ],
            [
              502140.0,
              9699000.0
            ]
          ],
          [
            [
              502160.0,
              9699000.0
            ],
            [
              502170.0,
              9699000.0
            ],
            [
              502170.0,
              9698990.0
            ],
            [
              502160.0,
              9698990.0
            ],
            [
              502160.0,
              9699000.0
            ]
          ],
          [
            [
              502220.0,
              9699000.0
            ],
            [
              502230.0,
              9699000.0
            ],
            [
              502230.0,
              9698990.0
            ],
            [
              502220.0,
              9698990.0
            ],
            [
              502220.0,
              9699000.0
            ]
          ],
          [
            [
              502030.0,
              9698990.0
            ],
            [
              502040.0,
              9698990.0
            ],
            [
              502040.0,
              9698980.0
            ],
            [
              502030.0,
              9698980.0
            ],
            [
              502030.0,
              9698990.0
            ]
          ],
          [
            [
              502210.0,
              9698990.0
            ],
            [
              502220.0,
              9698990.0
            ],
            [
              502220.0,
              9698980.0
            ],
            [
              502210.0,
              9698980.0
            ],
            [
              502210.0,
              9698990.0
            ]
          ],
          [
            [
              502260.0,
              9698970.0
            ],
            [
              502270.0,
              9698970.0
            ],
            [
              502270.0,
              9698960.0
            ],
            [
              502260.0,
              9698960.0
            ],
            [
              502260.0,
              9698970.0
            ]
          ],
          [
            [
              502310.0,
              9698960.0
            ],
            [
              502320.0,
              9698960.0
            ],
            [
              502320.0,
              9698950.0
            ],
            [
              502310.0,
              9698950.0
            ],
            [
              502310.0,
              9698960.0
            ]
          ],
          [
            [
              502300.0,
              9698930.0
            ],
            [
              502310.0,
              9698930.0
            ],
            [
              502310.0,
              9698910.0
            ],
            [
              502300.0,
              9698910.0
            ],
            [
              502300.0,
              9698930.0
            ]
          ],
          [
            [
              502330.0,
              9698920.0
            ],
            [
              502340.0,
              9698920.0
            ],
            [
              502340.0,
              9698910.0
            ],
            [
              502330.0,
              9698910.0
            ],
            [
              502330.0,
              9698920.0
            ]
          ],
          [
            [
              501850.0,
              9698890.0
            ],
            [
              501860.0,
              9698890.0
            ],
            [
              501860.0,
              9698880.0
            ],
            [
              501850.0,
              9698880.0
            ],
            [
              501850.0,
              9698890.0
            ]
          ],
          [
            [
              502350.0,
              9698890.0
            ],
            [
              502360.0,
              9698890.0
            ],
            [
              502360.0,
              9698880.0
            ],
            [
              502350.0,
              9698880.0
            ],
            [
              502350.0,
              9698890.0
            ]
          ],
          [
            [
              501850.0,
              9698870.0
            ],
            [
              501860.0,
              9698870.0
            ],
            [
              501860.0,
              9698860.0
            ],
            [
              501850.0,
              9698860.0
            ],
            [
              501850.0,
              9698870.0
            ]
          ],
          [
            [
              502360.0,
              9698840.0
            ],
            [
              502370.0,
              9698840.0
            ],
            [
              502370.0,
              9698830.0
            ],
            [
              502360.0,
              9698830.0
            ],
            [
              502360.0,
              9698840.0
            ]
          ],
          [
            [
              502370.0,
              9698830.0
            ],
            [
              502380.0,
              9698830.0
            ],
            [
              502380.0,
              9698820.0
            ],
            [
              502370.0,
              9698820.0
            ],
            [
              502370.0,
              9698830.0
            ]
          ],
          [
            [
              501830.0,
              9698820.0
            ],
            [
              501840.0,
              9698820.0
            ],
            [
              501840.0,
              9698810.0
            ],
            [
              501830.0,
              9698810.0
            ],
            [
              501830.0,
              9698820.0
            ]
          ],
          [
            [
              502390.0,
              9698740.0
            ],
            [
              502400.0,
              9698740.0
            ],
            [
              502400.0,
              9698730.0
            ],
            [
              502390.0,
              9698730.0
            ],
            [
              502390.0,
              9698740.0
            ]
          ],
          [
            [
              502400.0,
              9698710.0
            ],
            [
              502410.0,
              9698710.0
            ],
            [
              502410.0,
              9698690.0
            ],
            [
              502400.0,
              9698690.0
            ],
            [
              502400.0,
              9698710.0
            ]
          ],
          [
            [
              501810.0,
              9698690.0
            ],
            [
              501820.0,
              9698690.0
            ],
            [
              501820.0,
              9698680.0
            ],
            [
              501810.0,
              9698680.0
            ],
            [
              501810.0,
              9698690.0
            ]
          ],
          [
            [
              502370.0,
              9698670.0
            ],
            [
              502380.0,
              9698670.0
            ],
            [
              502380.0,
              9698660.0
            ],
            [
              502370.0,
              9698660.0
            ],
            [
              502370.0,
              9698670.0
            ]
          ],
          [
            [
              501840.0,
              9698660.0
            ],
            [
              501850.0,
              9698660.0
            ],
            [
              501850.0,
              9698650.0
            ],
            [
              501840.0,
              9698650.0
            ],
            [
              501840.0,
              9698660.0
            ]
          ],
          [
            [
              502370.0,
              9698650.0
            ],
            [
              502380.0,
              9698650.0
            ],
            [
              502380.0,
              9698640.0
            ],
            [
              502370.0,
              9698640.0
            ],
            [
              502370.0,
              9698650.0
            ]
          ],
          [
            [
              502380.0,
              9698630.0
            ],
            [
              502390.0,
              9698630.0
            ],
            [
              502390.0,
              9698620.0
            ],
            [
              502380.0,
              9698620.0
            ],
            [
              502380.0,
              9698630.0
            ]
          ],
          [
            [
              502370.0,
              9698620.0
            ],
            [
              502380.0,
              9698620.0
            ],
            [
              502380.0,
              9698610.0
            ],
            [
              502370.0,
              9698610.0
            ],
            [
              502370.0,
              9698620.0
            ]
          ],
          [
            [
              501870.0,
              9698610.0
            ],
            [
              501880.0,
              9698610.0
            ],
            [
              501880.0,
              9698600.0
            ],
            [
              501870.0,
              9698600.0
            ],
            [
              501870.0,
              9698610.0
            ]
          ],
          [
            [
              502340.0,
              9698610.0
            ],
            [
              502350.0,
              9698610.0
            ],
            [
              502350.0,
              9698600.0
            ],
            [
              502340.0,
              9698600.0
            ],
            [
              502340.0,
              9698610.0
            ]
          ],
          [
            [
              502330.0,
              9698590.0
            ],
            [
              502340.0,
              9698590.0
            ],
            [
              502340.0,
              9698580.0
            ],
            [
              502330.0,
              9698580.0
            ],
            [
              502330.0,
              9698590.0
            ]
          ],
          [
            [
              502340.0,
              9698580.0
            ],
            [
              502350.0,
              9698580.0
            ],
            [
              502350.0,
              9698570.0
            ],
            [
              502340.0,
              9698570.0
            ],
            [
              502340.0,
              9698580.0
            ]
          ],
          [
            [
              502350.0,
              9698570.0
            ],
            [
              502360.0,
              9698570.0
            ],
            [
              502360.0,
              9698560.0
            ],
            [
              502350.0,
              9698560.0
            ],
            [
              502350.0,
              9698570.0
            ]
          ],
          [
            [
              501890.0,
              9698560.0
            ],
            [
              501900.0,
              9698560.0
            ],
            [
              501900.0,
              9698550.0
            ],
            [
              501890.0,
              9698550.0
            ],
            [
              501890.0,
              9698560.0
            ]
          ],
          [
            [
              501970.0,
              9698530.0
            ],
            [
              501980.0,
              9698530.0
            ],
            [
              501980.0,
              9698520.0
            ],
            [
              501970.0,
              9698520.0
            ],
            [
              501970.0,
              9698530.0
            ]
          ],
          [
            [
              502230.0,
              9698530.0
            ],
            [
              502240.0,
              9698530.0
            ],
            [
              502240.0,
              9698520.0
            ],
            [
              502230.0,
              9698520.0
            ],
            [
              502230.0,
              9698530.0
            ]
          ],
          [
            [
              502270.0,
              9698530.0
            ],
            [
              502290.0,
              9698530.0
            ],
            [
              502290.0,
              9698510.0
            ],
            [
              502280.0,
              9698510.0
            ],
            [
              502280.0,
              9698520.0
            ],
            [
              502270.0,
              9698520.0
            ],
            [
              502270.0,
              9698530.0
            ]
          ],
          [
            [
              501980.0,
              9698510.0
            ],
            [
              501990.0,
              9698510.0
            ],
            [
              501990.0,
              9698500.0
            ],
            [
              501980.0,
              9698500.0
            ],
            [
              501980.0,
              9698510.0
            ]
          ],
          [
            [
              502000.0,
              9698510.0
            ],
            [
              502010.0,
              9698510.0
            ],
            [
              502010.0,
              9698500.0
            ],
            [
              502000.0,
              9698500.0
            ],
            [
              502000.0,
              9698510.0
            ]
          ],
          [
            [
              502200.0,
              9698510.0
            ],
            [
              502210.0,
              9698510.0
            ],
            [
              502210.0,
              9698490.0
            ],
            [
              502200.0,
              9698490.0
            ],
            [
              502200.0,
              9698510.0
            ]
          ],
          [
            [
              502230.0,
              9698510.0
            ],
            [
              502240.0,
              9698510.0
            ],
            [
              502240.0,
              9698500.0
            ],
            [
              502230.0,
              9698500.0
            ],
            [
              502230.0,
              9698510.0
            ]
          ],
          [
            [
              502010.0,
              9698500.0
            ],
            [
              502020.0,
              9698500.0
            ],
            [
              502020.0,
              9698490.0
            ],
            [
              502010.0,
              9698490.0
            ],
            [
              502010.0,
              9698500.0
            ]
          ],
          [
            [
              502140.0,
              9698500.0
            ],
            [
              502150.0,
              9698500.0
            ],
            [
              502150.0,
              9698490.0
            ],
            [
              502140.0,
              9698490.0
            ],
            [
              502140.0,
              9698500.0
            ]
          ],
          [
            [
              502160.0,
              9698490.0
            ],
            [
              502170.0,
              9698490.0
            ],
            [
              502170.0,
              9698480.0
            ],
            [
              502160.0,
              9698480.0
            ],
            [
              502160.0,
              9698490.0
            ]
          ],
          [
            [
              502180.0,
              9698490.0
            ],
            [
              502190.0,
              9698490.0
            ],
            [
              502190.0,
              9698480.0
            ],
            [
              502180.0,
              9698480.0
            ],
            [
              502180.0,
              9698490.0
            ]
          ],
          [
            [
              502110.0,
              9698480.0
            ],
            [
              502120.0,
              9698480.0
            ],
            [
              502120.0,
              9698470.0
            ],
            [
              502110.0,
              9698470.0
            ],
            [
              502110.0,
              9698480.0
            ]
          ],
          [
            [
              502100.0,
              9698460.0
            ],
            [
              502110.0,
              9698460.0
            ],
            [
              502110.0,
              9698450.0
            ],
            [
              502100.0,
              9698450.0
            ],
            [
              502100.0,
              9698460.0
            ]
          ],
          [
            [
              501740.0,
              9698430.0
            ],
            [
              501750.0,
              9698430.0
            ],
            [
              501750.0,
              9698420.0
            ],
            [
              501740.0,
              9698420.0
            ],
            [
              501740.0,
              9698430.0
            ]
          ],
          [
            [
              501850.0,
              9698430.0
            ],
            [
              501870.0,
              9698430.0
            ],
            [
              501870.0,
              9698420.0
            ],
            [
              501850.0,
              9698420.0
            ],
            [
              501850.0,
              9698430.0
            ]
          ],
          [
            [
              501800.0,
              9698420.0
            ],
            [
              501810.0,
              9698420.0
            ],
            [
              501810.0,
              9698410.0
            ],
            [
              501800.0,
              9698410.0
            ],
            [
              501800.0,
              9698420.0
            ]
          ],
          [
            [
              501830.0,
              9698420.0
            ],
            [
              501840.0,
              9698420.0
            ],
            [
              501840.0,
              9698410.0
            ],
            [
              501830.0,
              9698410.0
            ],
            [
              501830.0,
              9698420.0
            ]
          ],
          [
            [
              501850.0,
              9698410.0
            ],
            [
              501860.0,
              9698410.0
            ],
            [
              501860.0,
              9698400.0
            ],
            [
              501850.0,
              9698400.0
            ],
            [
              501850.0,
              9698410.0
            ]
          ],
          [
            [
              501930.0,
              9698380.0
            ],
            [
              501950.0,
              9698380.0
            ],
            [
              501950.0,
              9698370.0
            ],
            [
              501940.0,
              9698370.0
            ],
            [
              501940.0,
              9698360.0
            ],
            [
              501960.0,
              9698360.0
            ],
            [
              501960.0,
              9698350.0
            ],
            [
              501950.0,
              9698350.0
            ],
            [
              501950.0,
              9698340.0
            ],
            [
              501940.0,
              9698340.0
            ],
            [
              501940.0,
              9698350.0
            ],
            [
              501930.0,
              9698350.0
            ],
            [
              501930.0,
              9698380.0
            ]
          ],
          [
            [
              501970.0,
              9698330.0
            ],
            [
              501980.0,
              9698330.0
            ],
            [
              501980.0,
              9698320.0
            ],
            [
              501970.0,
              9698320.0
            ],
            [
              501970.0,
              9698330.0
            ]
          ],
          [
            [
              501990.0,
              9698290.0
            ],
            [
              502000.0,
              9698290.0
            ],
            [
              502000.0,
              9698280.0
            ],
            [
              501990.0,
              9698280.0
            ],
            [
              501990.0,
              9698290.0
            ]
          ],
          [
            [
              501980.0,
              9698260.0
            ],
            [
              501990.0,
              9698260.0
            ],
            [
              501990.0,
              9698250.0
            ],
            [
              501980.0,
              9698250.0
            ],
            [
              501980.0,
              9698260.0
            ]
          ],
          [
            [
              501990.0,
              9698220.0
            ],
            [
              502000.0,
              9698220.0
            ],
            [
              502000.0,
              9698210.0
            ],
            [
              501990.0,
              9698210.0
            ],
            [
              501990.0,
              9698220.0
            ]
          ],
          [
            [
              501980.0,
              9698210.0
            ],
            [
              501990.0,
              9698210.0
            ],
            [
              501990.0,
              9698200.0
            ],
            [
              501980.0,
              9698200.0
            ],
            [
              501980.0,
              9698210.0
            ]
          ],
          [
            [
              502000.0,
              9698210.0
            ],
            [
              502010.0,
              9698210.0
            ],
            [
              502010.0,
              9698200.0
            ],
            [
              502000.0,
              9698200.0
            ],
            [
              502000.0,
              9698210.0
            ]
          ]
        ]
      },
      "properties": {
        "alert_id": "DEF_2026_0013",
        "area_ha": 34.32,
        "perimeter_m": 10060.0,
        "severity": "High Severity",
        "driver": "Unassigned",
        "mean_dnbr": 0.745,
        "centroid_x": 502075.081585,
        "centroid_y": 9698648.898601,
        "status": "Verified Alert"
      }
    },
    {
      "type": "Feature",
      "geometry": {
        "type": "Polygon",
        "coordinates": [
          [
            [
              501030.0,
              9698270.0
            ],
            [
              501030.0,
              9698260.0
            ],
            [
              501020.0,
              9698260.0
            ],
            [
              501020.0,
              9698250.0
            ],
            [
              500990.0,
              9698250.0
            ],
            [
              500990.0,
              9698240.0
            ],
            [
              500960.0,
              9698240.0
            ],
            [
              500960.0,
              9698250.0
            ],
            [
              500950.0,
              9698250.0
            ],
            [
              500950.0,
              9698230.0
            ],
            [
              500940.0,
              9698230.0
            ],
            [
              500940.0,
              9698240.0
            ],
            [
              500930.0,
              9698240.0
            ],
            [
              500930.0,
              9698260.0
            ],
            [
              500920.0,
              9698260.0
            ],
            [
              500920.0,
              9698250.0
            ],
            [
              500910.0,
              9698250.0
            ],
            [
              500910.0,
              9698230.0
            ],
            [
              500900.0,
              9698230.0
            ],
            [
              500900.0,
              9698240.0
            ],
            [
              500880.0,
              9698240.0
            ],
            [
              500880.0,
              9698220.0
            ],
            [
              500890.0,
              9698220.0
            ],
            [
              500890.0,
              9698210.0
            ],
            [
              500880.0,
              9698210.0
            ],
            [
              500880.0,
              9698200.0
            ],
            [
              500870.0,
              9698200.0
            ],
            [
              500870.0,
              9698190.0
            ],
            [
              500860.0,
              9698190.0
            ],
            [
              500860.0,
              9698170.0
            ],
            [
              500840.0,
              9698170.0
            ],
            [
              500840.0,
              9698160.0
            ],
            [
              500820.0,
              9698160.0
            ],
            [
              500820.0,
              9698170.0
            ],
            [
              500810.0,
              9698170.0
            ],
            [
              500810.0,
              9698160.0
            ],
            [
              500790.0,
              9698160.0
            ],
            [
              500790.0,
              9698170.0
            ],
            [
              500780.0,
              9698170.0
            ],
            [
              500780.0,
              9698150.0
            ],
            [
              500770.0,
              9698150.0
            ],
            [
              500770.0,
              9698130.0
            ],
            [
              500760.0,
              9698130.0
            ],
            [
              500760.0,
              9698120.0
            ],
            [
              500750.0,
              9698120.0
            ],
            [
              500750.0,
              9698110.0
            ],
            [
              500740.0,
              9698110.0
            ],
            [
              500740.0,
              9698100.0
            ],
            [
              500750.0,
              9698100.0
            ],
            [
              500750.0,
              9698090.0
            ],
            [
              500820.0,
              9698090.0
            ],
            [
              500820.0,
              9698100.0
            ],
            [
              500830.0,
              9698100.0
            ],
            [
              500830.0,
              9698090.0
            ],
            [
              500840.0,
              9698090.0
            ],
            [
              500840.0,
              9698100.0
            ],
            [
              500850.0,
              9698100.0
            ],
            [
              500850.0,
              9698110.0
            ],
            [
              500880.0,
              9698110.0
            ],
            [
              500880.0,
              9698120.0
            ],
            [
              500890.0,
              9698120.0
            ],
            [
              500890.0,
              9698130.0
            ],
            [
              500900.0,
              9698130.0
            ],
            [
              500900.0,
              9698120.0
            ],
            [
              500910.0,
              9698120.0
            ],
            [
              500910.0,
              9698140.0
            ],
            [
              500920.0,
              9698140.0
            ],
            [
              500920.0,
              9698150.0
            ],
            [
              500940.0,
              9698150.0
            ],
            [
              500940.0,
              9698160.0
            ],
            [
              500950.0,
              9698160.0
            ],
            [
              500950.0,
              9698170.0
            ],
            [
              500960.0,
              9698170.0
            ],
            [
              500960.0,
              9698180.0
            ],
            [
              500970.0,
              9698180.0
            ],
            [
              500970.0,
              9698190.0
            ],
            [
              500980.0,
              9698190.0
            ],
            [
              500980.0,
              9698200.0
            ],
            [
              500990.0,
              9698200.0
            ],
            [
              500990.0,
              9698210.0
            ],
            [
              501000.0,
              9698210.0
            ],
            [
              501000.0,
              9698220.0
            ],
            [
              501010.0,
              9698220.0
            ],
            [
              501010.0,
              9698230.0
            ],
            [
              501020.0,
              9698230.0
            ],
            [
              501020.0,
              9698240.0
            ],
            [
              501030.0,
              9698240.0
            ],
            [
              501030.0,
              9698250.0
            ],
            [
              501040.0,
              9698250.0
            ],
            [
              501040.0,
              9698270.0
            ],
            [
              501030.0,
              9698270.0
            ]
          ],
          [
            [
              500920.0,
              9698230.0
            ],
            [
              500930.0,
              9698230.0
            ],
            [
              500930.0,
              9698220.0
            ],
            [
              500920.0,
              9698220.0
            ],
            [
              500920.0,
              9698230.0
            ]
          ],
          [
            [
              500780.0,
              9698140.0
            ],
            [
              500790.0,
              9698140.0
            ],
            [
              500790.0,
              9698130.0
            ],
            [
              500780.0,
              9698130.0
            ],
            [
              500780.0,
              9698140.0
            ]
          ],
          [
            [
              500770.0,
              9698130.0
            ],
            [
              500780.0,
              9698130.0
            ],
            [
              500780.0,
              9698110.0
            ],
            [
              500770.0,
              9698110.0
            ],
            [
              500770.0,
              9698130.0
            ]
          ],
          [
            [
              500780.0,
              9698110.0
            ],
            [
              500790.0,
              9698110.0
            ],
            [
              500790.0,
              9698100.0
            ],
            [
              500780.0,
              9698100.0
            ],
            [
              500780.0,
              9698110.0
            ]
          ]
        ]
      },
      "properties": {
        "alert_id": "DEF_2026_0014",
        "area_ha": 1.89,
        "perimeter_m": 1340.0,
        "severity": "High Severity",
        "driver": "Unassigned",
        "mean_dnbr": 0.754,
        "centroid_x": 500886.269841,
        "centroid_y": 9698170.291005,
        "status": "Verified Alert"
      }
    },
    {
      "type": "Feature",
      "geometry": {
        "type": "Polygon",
        "coordinates": [
          [
            [
              502400.0,
              9698100.0
            ],
            [
              502400.0,
              9698080.0
            ],
            [
              502410.0,
              9698080.0
            ],
            [
              502410.0,
              9698090.0
            ],
            [
              502420.0,
              9698090.0
            ],
            [
              502420.0,
              9698080.0
            ],
            [
              502440.0,
              9698080.0
            ],
            [
              502440.0,
              9698090.0
            ],
            [
              502430.0,
              9698090.0
            ],
            [
              502430.0,
              9698100.0
            ],
            [
              502400.0,
              9698100.0
            ]
          ]
        ]
      },
      "properties": {
        "alert_id": "DEF_2026_0015",
        "area_ha": 0.06,
        "perimeter_m": 140.0,
        "severity": "Low Severity",
        "driver": "Unassigned",
        "mean_dnbr": -0.277,
        "centroid_x": 502418.333333,
        "centroid_y": 9698090.0,
        "status": "Verified Alert"
      }
    },
    {
      "type": "Feature",
      "geometry": {
        "type": "Polygon",
        "coordinates": [
          [
            [
              502340.0,
              9698090.0
            ],
            [
              502340.0,
              9698070.0
            ],
            [
              502360.0,
              9698070.0
            ],
            [
              502360.0,
              9698060.0
            ],
            [
              502370.0,
              9698060.0
            ],
            [
              502370.0,
              9698080.0
            ],
            [
              502350.0,
              9698080.0
            ],
            [
              502350.0,
              9698090.0
            ],
            [
              502340.0,
              9698090.0
            ]
          ]
        ]
      },
      "properties": {
        "alert_id": "DEF_2026_0016",
        "area_ha": 0.05,
        "perimeter_m": 120.0,
        "severity": "Low Severity",
        "driver": "Unassigned",
        "mean_dnbr": 0.114,
        "centroid_x": 502355.0,
        "centroid_y": 9698075.0,
        "status": "Verified Alert"
      }
    },
    {
      "type": "Feature",
      "geometry": {
        "type": "Polygon",
        "coordinates": [
          [
            [
              501290.0,
              9698450.0
            ],
            [
              501290.0,
              9698440.0
            ],
            [
              501280.0,
              9698440.0
            ],
            [
              501280.0,
              9698430.0
            ],
            [
              501270.0,
              9698430.0
            ],
            [
              501270.0,
              9698420.0
            ],
            [
              501300.0,
              9698420.0
            ],
            [
              501300.0,
              9698410.0
            ],
            [
              501320.0,
              9698410.0
            ],
            [
              501320.0,
              9698400.0
            ],
            [
              501350.0,
              9698400.0
            ],
            [
              501350.0,
              9698390.0
            ],
            [
              501380.0,
              9698390.0
            ],
            [
              501380.0,
              9698380.0
            ],
            [
              501410.0,
              9698380.0
            ],
            [
              501410.0,
              9698370.0
            ],
            [
              501440.0,
              9698370.0
            ],
            [
              501440.0,
              9698360.0
            ],
            [
              501450.0,
              9698360.0
            ],
            [
              501450.0,
              9698340.0
            ],
            [
              501430.0,
              9698340.0
            ],
            [
              501430.0,
              9698330.0
            ],
            [
              501440.0,
              9698330.0
            ],
            [
              501440.0,
              9698320.0
            ],
            [
              501410.0,
              9698320.0
            ],
            [
              501410.0,
              9698310.0
            ],
            [
              501370.0,
              9698310.0
            ],
            [
              501370.0,
              9698300.0
            ],
            [
              501380.0,
              9698300.0
            ],
            [
              501380.0,
              9698290.0
            ],
            [
              501390.0,
              9698290.0
            ],
            [
              501390.0,
              9698280.0
            ],
            [
              501370.0,
              9698280.0
            ],
            [
              501370.0,
              9698270.0
            ],
            [
              501380.0,
              9698270.0
            ],
            [
              501380.0,
              9698240.0
            ],
            [
              501390.0,
              9698240.0
            ],
            [
              501390.0,
              9698220.0
            ],
            [
              501400.0,
              9698220.0
            ],
            [
              501400.0,
              9698200.0
            ],
            [
              501390.0,
              9698200.0
            ],
            [
              501390.0,
              9698180.0
            ],
            [
              501400.0,
              9698180.0
            ],
            [
              501400.0,
              9698190.0
            ],
            [
              501410.0,
              9698190.0
            ],
            [
              501410.0,
              9698200.0
            ],
            [
              501420.0,
              9698200.0
            ],
            [
              501420.0,
              9698190.0
            ],
            [
              501430.0,
              9698190.0
            ],
            [
              501430.0,
              9698170.0
            ],
            [
              501420.0,
              9698170.0
            ],
            [
              501420.0,
              9698160.0
            ],
            [
              501430.0,
              9698160.0
            ],
            [
              501430.0,
              9698140.0
            ],
            [
              501460.0,
              9698140.0
            ],
            [
              501460.0,
              9698130.0
            ],
            [
              501470.0,
              9698130.0
            ],
            [
              501470.0,
              9698150.0
            ],
            [
              501480.0,
              9698150.0
            ],
            [
              501480.0,
              9698130.0
            ],
            [
              501490.0,
              9698130.0
            ],
            [
              501490.0,
              9698150.0
            ],
            [
              501500.0,
              9698150.0
            ],
            [
              501500.0,
              9698140.0
            ],
            [
              501510.0,
              9698140.0
            ],
            [
              501510.0,
              9698130.0
            ],
            [
              501520.0,
              9698130.0
            ],
            [
              501520.0,
              9698110.0
            ],
            [
              501510.0,
              9698110.0
            ],
            [
              501510.0,
              9698090.0
            ],
            [
              501550.0,
              9698090.0
            ],
            [
              501550.0,
              9698100.0
            ],
            [
              501570.0,
              9698100.0
            ],
            [
              501570.0,
              9698090.0
            ],
            [
              501580.0,
              9698090.0
            ],
            [
              501580.0,
              9698070.0
            ],
            [
              501590.0,
              9698070.0
            ],
            [
              501590.0,
              9698080.0
            ],
            [
              501600.0,
              9698080.0
            ],
            [
              501600.0,
              9698060.0
            ],
            [
              501610.0,
              9698060.0
            ],
            [
              501610.0,
              9698050.0
            ],
            [
              501620.0,
              9698050.0
            ],
            [
              501620.0,
              9698060.0
            ],
            [
              501640.0,
              9698060.0
            ],
            [
              501640.0,
              9698050.0
            ],
            [
              501680.0,
              9698050.0
            ],
            [
              501680.0,
              9698060.0
            ],
            [
              501660.0,
              9698060.0
            ],
            [
              501660.0,
              9698070.0
            ],
            [
              501670.0,
              9698070.0
            ],
            [
              501670.0,
              9698080.0
            ],
            [
              501680.0,
              9698080.0
            ],
            [
              501680.0,
              9698070.0
            ],
            [
              501700.0,
              9698070.0
            ],
            [
              501700.0,
              9698060.0
            ],
            [
              501720.0,
              9698060.0
            ],
            [
              501720.0,
              9698050.0
            ],
            [
              501760.0,
              9698050.0
            ],
            [
              501760.0,
              9698060.0
            ],
            [
              501770.0,
              9698060.0
            ],
            [
              501770.0,
              9698070.0
            ],
            [
              501780.0,
              9698070.0
            ],
            [
              501780.0,
              9698060.0
            ],
            [
              501790.0,
              9698060.0
            ],
            [
              501790.0,
              9698090.0
            ],
            [
              501800.0,
              9698090.0
            ],
            [
              501800.0,
              9698070.0
            ],
            [
              501820.0,
              9698070.0
            ],
            [
              501820.0,
              9698060.0
            ],
            [
              501830.0,
              9698060.0
            ],
            [
              501830.0,
              9698080.0
            ],
            [
              501850.0,
              9698080.0
            ],
            [
              501850.0,
              9698090.0
            ],
            [
              501830.0,
              9698090.0
            ],
            [
              501830.0,
              9698100.0
            ],
            [
              501840.0,
              9698100.0
            ],
            [
              501840.0,
              9698110.0
            ],
            [
              501830.0,
              9698110.0
            ],
            [
              501830.0,
              9698120.0
            ],
            [
              501820.0,
              9698120.0
            ],
            [
              501820.0,
              9698130.0
            ],
            [
              501810.0,
              9698130.0
            ],
            [
              501810.0,
              9698140.0
            ],
            [
              501800.0,
              9698140.0
            ],
            [
              501800.0,
              9698150.0
            ],
            [
              501790.0,
              9698150.0
            ],
            [
              501790.0,
              9698160.0
            ],
            [
              501780.0,
              9698160.0
            ],
            [
              501780.0,
              9698170.0
            ],
            [
              501770.0,
              9698170.0
            ],
            [
              501770.0,
              9698190.0
            ],
            [
              501760.0,
              9698190.0
            ],
            [
              501760.0,
              9698200.0
            ],
            [
              501750.0,
              9698200.0
            ],
            [
              501750.0,
              9698220.0
            ],
            [
              501740.0,
              9698220.0
            ],
            [
              501740.0,
              9698240.0
            ],
            [
              501720.0,
              9698240.0
            ],
            [
              501720.0,
              9698250.0
            ],
            [
              501710.0,
              9698250.0
            ],
            [
              501710.0,
              9698260.0
            ],
            [
              501700.0,
              9698260.0
            ],
            [
              501700.0,
              9698280.0
            ],
            [
              501690.0,
              9698280.0
            ],
            [
              501690.0,
              9698290.0
            ],
            [
              501680.0,
              9698290.0
            ],
            [
              501680.0,
              9698300.0
            ],
            [
              501670.0,
              9698300.0
            ],
            [
              501670.0,
              9698320.0
            ],
            [
              501660.0,
              9698320.0
            ],
            [
              501660.0,
              9698330.0
            ],
            [
              501650.0,
              9698330.0
            ],
            [
              501650.0,
              9698340.0
            ],
            [
              501640.0,
              9698340.0
            ],
            [
              501640.0,
              9698350.0
            ],
            [
              501630.0,
              9698350.0
            ],
            [
              501630.0,
              9698360.0
            ],
            [
              501640.0,
              9698360.0
            ],
            [
              501640.0,
              9698370.0
            ],
            [
              501620.0,
              9698370.0
            ],
            [
              501620.0,
              9698380.0
            ],
            [
              501610.0,
              9698380.0
            ],
            [
              501610.0,
              9698390.0
            ],
            [
              501600.0,
              9698390.0
            ],
            [
              501600.0,
              9698400.0
            ],
            [
              501590.0,
              9698400.0
            ],
            [
              501590.0,
              9698410.0
            ],
            [
              501580.0,
              9698410.0
            ],
            [
              501580.0,
              9698420.0
            ],
            [
              501570.0,
              9698420.0
            ],
            [
              501570.0,
              9698410.0
            ],
            [
              501560.0,
              9698410.0
            ],
            [
              501560.0,
              9698400.0
            ],
            [
              501540.0,
              9698400.0
            ],
            [
              501540.0,
              9698410.0
            ],
            [
              501530.0,
              9698410.0
            ],
            [
              501530.0,
              9698400.0
            ],
            [
              501520.0,
              9698400.0
            ],
            [
              501520.0,
              9698410.0
            ],
            [
              501500.0,
              9698410.0
            ],
            [
              501500.0,
              9698390.0
            ],
            [
              501470.0,
              9698390.0
            ],
            [
              501470.0,
              9698400.0
            ],
            [
              501450.0,
              9698400.0
            ],
            [
              501450.0,
              9698390.0
            ],
            [
              501440.0,
              9698390.0
            ],
            [
              501440.0,
              9698400.0
            ],
            [
              501410.0,
              9698400.0
            ],
            [
              501410.0,
              9698410.0
            ],
            [
              501380.0,
              9698410.0
            ],
            [
              501380.0,
              9698420.0
            ],
            [
              501350.0,
              9698420.0
            ],
            [
              501350.0,
              9698430.0
            ],
            [
              501320.0,
              9698430.0
            ],
            [
              501320.0,
              9698440.0
            ],
            [
              501300.0,
              9698440.0
            ],
            [
              501300.0,
              9698450.0
            ],
            [
              501290.0,
              9698450.0
            ]
          ],
          [
            [
              501450.0,
              9698340.0
            ],
            [
              501460.0,
              9698340.0
            ],
            [
              501460.0,
              9698330.0
            ],
            [
              501450.0,
              9698330.0
            ],
            [
              501450.0,
              9698340.0
            ]
          ],
          [
            [
              501420.0,
              9698310.0
            ],
            [
              501430.0,
              9698310.0
            ],
            [
              501430.0,
              9698300.0
            ],
            [
              501420.0,
              9698300.0
            ],
            [
              501420.0,
              9698310.0
            ]
          ],
          [
            [
              501390.0,
              9698300.0
            ],
            [
              501420.0,
              9698300.0
            ],
            [
              501420.0,
              9698290.0
            ],
            [
              501390.0,
              9698290.0
            ],
            [
              501390.0,
              9698300.0
            ]
          ],
          [
            [
              501400.0,
              9698280.0
            ],
            [
              501410.0,
              9698280.0
            ],
            [
              501410.0,
              9698270.0
            ],
            [
              501400.0,
              9698270.0
            ],
            [
              501400.0,
              9698280.0
            ]
          ],
          [
            [
              501390.0,
              9698260.0
            ],
            [
              501400.0,
              9698260.0
            ],
            [
              501400.0,
              9698250.0
            ],
            [
              501390.0,
              9698250.0
            ],
            [
              501390.0,
              9698260.0
            ]
          ],
          [
            [
              501400.0,
              9698250.0
            ],
            [
              501410.0,
              9698250.0
            ],
            [
              501410.0,
              9698240.0
            ],
            [
              501400.0,
              9698240.0
            ],
            [
              501400.0,
              9698250.0
            ]
          ],
          [
            [
              501410.0,
              9698240.0
            ],
            [
              501420.0,
              9698240.0
            ],
            [
              501420.0,
              9698230.0
            ],
            [
              501410.0,
              9698230.0
            ],
            [
              501410.0,
              9698240.0
            ]
          ],
          [
            [
              501400.0,
              9698230.0
            ],
            [
              501410.0,
              9698230.0
            ],
            [
              501410.0,
              9698220.0
            ],
            [
              501400.0,
              9698220.0
            ],
            [
              501400.0,
              9698230.0
            ]
          ],
          [
            [
              501420.0,
              9698230.0
            ],
            [
              501430.0,
              9698230.0
            ],
            [
              501430.0,
              9698210.0
            ],
            [
              501420.0,
              9698210.0
            ],
            [
              501420.0,
              9698230.0
            ]
          ],
          [
            [
              501450.0,
              9698190.0
            ],
            [
              501460.0,
              9698190.0
            ],
            [
              501460.0,
              9698170.0
            ],
            [
              501450.0,
              9698170.0
            ],
            [
              501450.0,
              9698190.0
            ]
          ],
          [
            [
              501440.0,
              9698160.0
            ],
            [
              501450.0,
              9698160.0
            ],
            [
              501450.0,
              9698150.0
            ],
            [
              501440.0,
              9698150.0
            ],
            [
              501440.0,
              9698160.0
            ]
          ],
          [
            [
              501460.0,
              9698160.0
            ],
            [
              501470.0,
              9698160.0
            ],
            [
              501470.0,
              9698150.0
            ],
            [
              501460.0,
              9698150.0
            ],
            [
              501460.0,
              9698160.0
            ]
          ],
          [
            [
              501580.0,
              9698100.0
            ],
            [
              501590.0,
              9698100.0
            ],
            [
              501590.0,
              9698090.0
            ],
            [
              501580.0,
              9698090.0
            ],
            [
              501580.0,
              9698100.0
            ]
          ],
          [
            [
              501620.0,
              9698100.0
            ],
            [
              501630.0,
              9698100.0
            ],
            [
              501630.0,
              9698090.0
            ],
            [
              501620.0,
              9698090.0
            ],
            [
              501620.0,
              9698100.0
            ]
          ],
          [
            [
              501800.0,
              9698100.0
            ],
            [
              501810.0,
              9698100.0
            ],
            [
              501810.0,
              9698090.0
            ],
            [
              501800.0,
              9698090.0
            ],
            [
              501800.0,
              9698100.0
            ]
          ],
          [
            [
              501810.0,
              9698090.0
            ],
            [
              501820.0,
              9698090.0
            ],
            [
              501820.0,
              9698080.0
            ],
            [
              501810.0,
              9698080.0
            ],
            [
              501810.0,
              9698090.0
            ]
          ],
          [
            [
              501610.0,
              9698080.0
            ],
            [
              501620.0,
              9698080.0
            ],
            [
              501620.0,
              9698070.0
            ],
            [
              501610.0,
              9698070.0
            ],
            [
              501610.0,
              9698080.0
            ]
          ],
          [
            [
              501640.0,
              9698080.0
            ],
            [
              501650.0,
              9698080.0
            ],
            [
              501650.0,
              9698060.0
            ],
            [
              501640.0,
              9698060.0
            ],
            [
              501640.0,
              9698080.0
            ]
          ],
          [
            [
              501760.0,
              9698080.0
            ],
            [
              501770.0,
              9698080.0
            ],
            [
              501770.0,
              9698070.0
            ],
            [
              501760.0,
              9698070.0
            ],
            [
              501760.0,
              9698080.0
            ]
          ],
          [
            [
              501730.0,
              9698070.0
            ],
            [
              501750.0,
              9698070.0
            ],
            [
              501750.0,
              9698060.0
            ],
            [
              501730.0,
              9698060.0
            ],
            [
              501730.0,
              9698070.0
            ]
          ]
        ]
      },
      "properties": {
        "alert_id": "DEF_2026_0017",
        "area_ha": 10.05,
        "perimeter_m": 3680.0,
        "severity": "High Severity",
        "driver": "Unassigned",
        "mean_dnbr": 0.736,
        "centroid_x": 501579.945274,
        "centroid_y": 9698228.542289,
        "status": "Verified Alert"
      }
    },
    {
      "type": "Feature",
      "geometry": {
        "type": "Polygon",
        "coordinates": [
          [
            [
              502520.0,
              9698060.0
            ],
            [
              502520.0,
              9698050.0
            ],
            [
              502530.0,
              9698050.0
            ],
            [
              502530.0,
              9698040.0
            ],
            [
              502520.0,
              9698040.0
            ],
            [
              502520.0,
              9698030.0
            ],
            [
              502540.0,
              9698030.0
            ],
            [
              502540.0,
              9698060.0
            ],
            [
              502520.0,
              9698060.0
            ]
          ]
        ]
      },
      "properties": {
        "alert_id": "DEF_2026_0018",
        "area_ha": 0.05,
        "perimeter_m": 120.0,
        "severity": "Low Severity",
        "driver": "Unassigned",
        "mean_dnbr": -0.342,
        "centroid_x": 502531.0,
        "centroid_y": 9698045.0,
        "status": "Verified Alert"
      }
    },
    {
      "type": "Feature",
      "geometry": {
        "type": "Polygon",
        "coordinates": [
          [
            [
              502300.0,
              9698050.0
            ],
            [
              502300.0,
              9698030.0
            ],
            [
              502310.0,
              9698030.0
            ],
            [
              502310.0,
              9698020.0
            ],
            [
              502320.0,
              9698020.0
            ],
            [
              502320.0,
              9698050.0
            ],
            [
              502300.0,
              9698050.0
            ]
          ]
        ]
      },
      "properties": {
        "alert_id": "DEF_2026_0019",
        "area_ha": 0.05,
        "perimeter_m": 100.0,
        "severity": "Low Severity",
        "driver": "Unassigned",
        "mean_dnbr": -0.263,
        "centroid_x": 502311.0,
        "centroid_y": 9698037.0,
        "status": "Verified Alert"
      }
    },
    {
      "type": "Feature",
      "geometry": {
        "type": "Polygon",
        "coordinates": [
          [
            [
              502350.0,
              9698050.0
            ],
            [
              502350.0,
              9698030.0
            ],
            [
              502360.0,
              9698030.0
            ],
            [
              502360.0,
              9698020.0
            ],
            [
              502370.0,
              9698020.0
            ],
            [
              502370.0,
              9698010.0
            ],
            [
              502380.0,
              9698010.0
            ],
            [
              502380.0,
              9698030.0
            ],
            [
              502370.0,
              9698030.0
            ],
            [
              502370.0,
              9698050.0
            ],
            [
              502350.0,
              9698050.0
            ]
          ]
        ]
      },
      "properties": {
        "alert_id": "DEF_2026_0020",
        "area_ha": 0.07,
        "perimeter_m": 140.0,
        "severity": "Low Severity",
        "driver": "Unassigned",
        "mean_dnbr": -0.044,
        "centroid_x": 502365.0,
        "centroid_y": 9698032.142857,
        "status": "Verified Alert"
      }
    },
    {
      "type": "Feature",
      "geometry": {
        "type": "Polygon",
        "coordinates": [
          [
            [
              502250.0,
              9698040.0
            ],
            [
              502250.0,
              9698030.0
            ],
            [
              502240.0,
              9698030.0
            ],
            [
              502240.0,
              9698020.0
            ],
            [
              502230.0,
              9698020.0
            ],
            [
              502230.0,
              9698010.0
            ],
            [
              502260.0,
              9698010.0
            ],
            [
              502260.0,
              9698020.0
            ],
            [
              502270.0,
              9698020.0
            ],
            [
              502270.0,
              9698040.0
            ],
            [
              502250.0,
              9698040.0
            ]
          ]
        ]
      },
      "properties": {
        "alert_id": "DEF_2026_0021",
        "area_ha": 0.08,
        "perimeter_m": 140.0,
        "severity": "Low Severity",
        "driver": "Unassigned",
        "mean_dnbr": -0.128,
        "centroid_x": 502252.5,
        "centroid_y": 9698023.75,
        "status": "Verified Alert"
      }
    },
    {
      "type": "Feature",
      "geometry": {
        "type": "Polygon",
        "coordinates": [
          [
            [
              502290.0,
              9698020.0
            ],
            [
              502290.0,
              9698010.0
            ],
            [
              502260.0,
              9698010.0
            ],
            [
              502260.0,
              9698000.0
            ],
            [
              502300.0,
              9698000.0
            ],
            [
              502300.0,
              9698020.0
            ],
            [
              502290.0,
              9698020.0
            ]
          ]
        ]
      },
      "properties": {
        "alert_id": "DEF_2026_0022",
        "area_ha": 0.05,
        "perimeter_m": 120.0,
        "severity": "Low Severity",
        "driver": "Unassigned",
        "mean_dnbr": -0.066,
        "centroid_x": 502283.0,
        "centroid_y": 9698007.0,
        "status": "Verified Alert"
      }
    },
    {
      "type": "Feature",
      "geometry": {
        "type": "Polygon",
        "coordinates": [
          [
            [
              502440.0,
              9698050.0
            ],
            [
              502440.0,
              9698030.0
            ],
            [
              502420.0,
              9698030.0
            ],
            [
              502420.0,
              9698020.0
            ],
            [
              502410.0,
              9698020.0
            ],
            [
              502410.0,
              9698010.0
            ],
            [
              502430.0,
              9698010.0
            ],
            [
              502430.0,
              9698000.0
            ],
            [
              502450.0,
              9698000.0
            ],
            [
              502450.0,
              9698050.0
            ],
            [
              502440.0,
              9698050.0
            ]
          ],
          [
            [
              502430.0,
              9698020.0
            ],
            [
              502440.0,
              9698020.0
            ],
            [
              502440.0,
              9698010.0
            ],
            [
              502430.0,
              9698010.0
            ],
            [
              502430.0,
              9698020.0
            ]
          ]
        ]
      },
      "properties": {
        "alert_id": "DEF_2026_0023",
        "area_ha": 0.1,
        "perimeter_m": 220.0,
        "severity": "Low Severity",
        "driver": "Unassigned",
        "mean_dnbr": -0.088,
        "centroid_x": 502436.0,
        "centroid_y": 9698021.0,
        "status": "Verified Alert"
      }
    },
    {
      "type": "Feature",
      "geometry": {
        "type": "Polygon",
        "coordinates": [
          [
            [
              502480.0,
              9698040.0
            ],
            [
              502480.0,
              9698030.0
            ],
            [
              502470.0,
              9698030.0
            ],
            [
              502470.0,
              9698020.0
            ],
            [
              502480.0,
              9698020.0
            ],
            [
              502480.0,
              9698010.0
            ],
            [
              502470.0,
              9698010.0
            ],
            [
              502470.0,
              9698000.0
            ],
            [
              502490.0,
              9698000.0
            ],
            [
              502490.0,
              9698030.0
            ],
            [
              502500.0,
              9698030.0
            ],
            [
              502500.0,
              9698040.0
            ],
            [
              502480.0,
              9698040.0
            ]
          ]
        ]
      },
      "properties": {
        "alert_id": "DEF_2026_0024",
        "area_ha": 0.07,
        "perimeter_m": 160.0,
        "severity": "Low Severity",
        "driver": "Unassigned",
        "mean_dnbr": -0.186,
        "centroid_x": 502483.571429,
        "centroid_y": 9698020.714286,
        "status": "Verified Alert"
      }
    },
    {
      "type": "Feature",
      "geometry": {
        "type": "Polygon",
        "coordinates": [
          [
            [
              500310.0,
              9698040.0
            ],
            [
              500310.0,
              9698030.0
            ],
            [
              500320.0,
              9698030.0
            ],
            [
              500320.0,
              9698010.0
            ],
            [
              500330.0,
              9698010.0
            ],
            [
              500330.0,
              9697990.0
            ],
            [
              500340.0,
              9697990.0
            ],
            [
              500340.0,
              9698020.0
            ],
            [
              500330.0,
              9698020.0
            ],
            [
              500330.0,
              9698040.0
            ],
            [
              500310.0,
              9698040.0
            ]
          ]
        ]
      },
      "properties": {
        "alert_id": "DEF_2026_0025",
        "area_ha": 0.07,
        "perimeter_m": 160.0,
        "severity": "Low Severity",
        "driver": "Unassigned",
        "mean_dnbr": 0.068,
        "centroid_x": 500327.857143,
        "centroid_y": 9698017.857143,
        "status": "Verified Alert"
      }
    },
    {
      "type": "Feature",
      "geometry": {
        "type": "Polygon",
        "coordinates": [
          [
            [
              500590.0,
              9698010.0
            ],
            [
              500590.0,
              9697990.0
            ],
            [
              500620.0,
              9697990.0
            ],
            [
              500620.0,
              9698000.0
            ],
            [
              500610.0,
              9698000.0
            ],
            [
              500610.0,
              9698010.0
            ],
            [
              500590.0,
              9698010.0
            ]
          ]
        ]
      },
      "properties": {
        "alert_id": "DEF_2026_0026",
        "area_ha": 0.05,
        "perimeter_m": 100.0,
        "severity": "Low Severity",
        "driver": "Unassigned",
        "mean_dnbr": 0.229,
        "centroid_x": 500603.0,
        "centroid_y": 9697999.0,
        "status": "Verified Alert"
      }
    },
    {
      "type": "Feature",
      "geometry": {
        "type": "Polygon",
        "coordinates": [
          [
            [
              500680.0,
              9697980.0
            ],
            [
              500680.0,
              9697970.0
            ],
            [
              500670.0,
              9697970.0
            ],
            [
              500670.0,
              9697950.0
            ],
            [
              500680.0,
              9697950.0
            ],
            [
              500680.0,
              9697960.0
            ],
            [
              500690.0,
              9697960.0
            ],
            [
              500690.0,
              9697970.0
            ],
            [
              500700.0,
              9697970.0
            ],
            [
              500700.0,
              9697980.0
            ],
            [
              500680.0,
              9697980.0
            ]
          ]
        ]
      },
      "properties": {
        "alert_id": "DEF_2026_0027",
        "area_ha": 0.05,
        "perimeter_m": 120.0,
        "severity": "High Severity",
        "driver": "Unassigned",
        "mean_dnbr": 0.733,
        "centroid_x": 500683.0,
        "centroid_y": 9697967.0,
        "status": "Verified Alert"
      }
    },
    {
      "type": "Feature",
      "geometry": {
        "type": "Polygon",
        "coordinates": [
          [
            [
              500700.0,
              9697950.0
            ],
            [
              500700.0,
              9697930.0
            ],
            [
              500690.0,
              9697930.0
            ],
            [
              500690.0,
              9697940.0
            ],
            [
              500670.0,
              9697940.0
            ],
            [
              500670.0,
              9697930.0
            ],
            [
              500680.0,
              9697930.0
            ],
            [
              500680.0,
              9697910.0
            ],
            [
              500690.0,
              9697910.0
            ],
            [
              500690.0,
              9697920.0
            ],
            [
              500710.0,
              9697920.0
            ],
            [
              500710.0,
              9697930.0
            ],
            [
              500720.0,
              9697930.0
            ],
            [
              500720.0,
              9697910.0
            ],
            [
              500710.0,
              9697910.0
            ],
            [
              500710.0,
              9697900.0
            ],
            [
              500700.0,
              9697900.0
            ],
            [
              500700.0,
              9697890.0
            ],
            [
              500720.0,
              9697890.0
            ],
            [
              500720.0,
              9697900.0
            ],
            [
              500730.0,
              9697900.0
            ],
            [
              500730.0,
              9697940.0
            ],
            [
              500710.0,
              9697940.0
            ],
            [
              500710.0,
              9697950.0
            ],
            [
              500700.0,
              9697950.0
            ]
          ]
        ]
      },
      "properties": {
        "alert_id": "DEF_2026_0028",
        "area_ha": 0.16,
        "perimeter_m": 340.0,
        "severity": "High Severity",
        "driver": "Unassigned",
        "mean_dnbr": 0.724,
        "centroid_x": 500705.625,
        "centroid_y": 9697921.875,
        "status": "Verified Alert"
      }
    },
    {
      "type": "Feature",
      "geometry": {
        "type": "Polygon",
        "coordinates": [
          [
            [
              500740.0,
              9697830.0
            ],
            [
              500740.0,
              9697820.0
            ],
            [
              500730.0,
              9697820.0
            ],
            [
              500730.0,
              9697790.0
            ],
            [
              500740.0,
              9697790.0
            ],
            [
              500740.0,
              9697810.0
            ],
            [
              500750.0,
              9697810.0
            ],
            [
              500750.0,
              9697820.0
            ],
            [
              500760.0,
              9697820.0
            ],
            [
              500760.0,
              9697830.0
            ],
            [
              500740.0,
              9697830.0
            ]
          ]
        ]
      },
      "properties": {
        "alert_id": "DEF_2026_0029",
        "area_ha": 0.06,
        "perimeter_m": 140.0,
        "severity": "High Severity",
        "driver": "Unassigned",
        "mean_dnbr": 0.718,
        "centroid_x": 500741.666667,
        "centroid_y": 9697813.333333,
        "status": "Verified Alert"
      }
    },
    {
      "type": "Feature",
      "geometry": {
        "type": "Polygon",
        "coordinates": [
          [
            [
              501240.0,
              9697720.0
            ],
            [
              501240.0,
              9697710.0
            ],
            [
              501230.0,
              9697710.0
            ],
            [
              501230.0,
              9697700.0
            ],
            [
              501240.0,
              9697700.0
            ],
            [
              501240.0,
              9697690.0
            ],
            [
              501250.0,
              9697690.0
            ],
            [
              501250.0,
              9697710.0
            ],
            [
              501260.0,
              9697710.0
            ],
            [
              501260.0,
              9697720.0
            ],
            [
              501240.0,
              9697720.0
            ]
          ]
        ]
      },
      "properties": {
        "alert_id": "DEF_2026_0030",
        "area_ha": 0.05,
        "perimeter_m": 120.0,
        "severity": "High Severity",
        "driver": "Unassigned",
        "mean_dnbr": 0.733,
        "centroid_x": 501245.0,
        "centroid_y": 9697707.0,
        "status": "Verified Alert"
      }
    },
    {
      "type": "Feature",
      "geometry": {
        "type": "Polygon",
        "coordinates": [
          [
            [
              501210.0,
              9697700.0
            ],
            [
              501210.0,
              9697660.0
            ],
            [
              501220.0,
              9697660.0
            ],
            [
              501220.0,
              9697690.0
            ],
            [
              501230.0,
              9697690.0
            ],
            [
              501230.0,
              9697700.0
            ],
            [
              501210.0,
              9697700.0
            ]
          ]
        ]
      },
      "properties": {
        "alert_id": "DEF_2026_0031",
        "area_ha": 0.05,
        "perimeter_m": 120.0,
        "severity": "High Severity",
        "driver": "Unassigned",
        "mean_dnbr": 0.737,
        "centroid_x": 501217.0,
        "centroid_y": 9697683.0,
        "status": "Verified Alert"
      }
    },
    {
      "type": "Feature",
      "geometry": {
        "type": "Polygon",
        "coordinates": [
          [
            [
              501150.0,
              9698270.0
            ],
            [
              501150.0,
              9698250.0
            ],
            [
              501130.0,
              9698250.0
            ],
            [
              501130.0,
              9698240.0
            ],
            [
              501120.0,
              9698240.0
            ],
            [
              501120.0,
              9698230.0
            ],
            [
              501100.0,
              9698230.0
            ],
            [
              501100.0,
              9698220.0
            ],
            [
              501090.0,
              9698220.0
            ],
            [
              501090.0,
              9698200.0
            ],
            [
              501080.0,
              9698200.0
            ],
            [
              501080.0,
              9698190.0
            ],
            [
              501070.0,
              9698190.0
            ],
            [
              501070.0,
              9698180.0
            ],
            [
              501060.0,
              9698180.0
            ],
            [
              501060.0,
              9698170.0
            ],
            [
              501040.0,
              9698170.0
            ],
            [
              501040.0,
              9698160.0
            ],
            [
              501050.0,
              9698160.0
            ],
            [
              501050.0,
              9698150.0
            ],
            [
              501040.0,
              9698150.0
            ],
            [
              501040.0,
              9698140.0
            ],
            [
              501030.0,
              9698140.0
            ],
            [
              501030.0,
              9698130.0
            ],
            [
              501020.0,
              9698130.0
            ],
            [
              501020.0,
              9698120.0
            ],
            [
              501010.0,
              9698120.0
            ],
            [
              501010.0,
              9698110.0
            ],
            [
              501000.0,
              9698110.0
            ],
            [
              501000.0,
              9698100.0
            ],
            [
              500990.0,
              9698100.0
            ],
            [
              500990.0,
              9698090.0
            ],
            [
              500980.0,
              9698090.0
            ],
            [
              500980.0,
              9698080.0
            ],
            [
              500970.0,
              9698080.0
            ],
            [
              500970.0,
              9698070.0
            ],
            [
              500960.0,
              9698070.0
            ],
            [
              500960.0,
              9698060.0
            ],
            [
              500950.0,
              9698060.0
            ],
            [
              500950.0,
              9698050.0
            ],
            [
              500940.0,
              9698050.0
            ],
            [
              500940.0,
              9698040.0
            ],
            [
              500930.0,
              9698040.0
            ],
            [
              500930.0,
              9698050.0
            ],
            [
              500910.0,
              9698050.0
            ],
            [
              500910.0,
              9698040.0
            ],
            [
              500920.0,
              9698040.0
            ],
            [
              500920.0,
              9698030.0
            ],
            [
              500910.0,
              9698030.0
            ],
            [
              500910.0,
              9698020.0
            ],
            [
              500890.0,
              9698020.0
            ],
            [
              500890.0,
              9698010.0
            ],
            [
              500880.0,
              9698010.0
            ],
            [
              500880.0,
              9698000.0
            ],
            [
              500850.0,
              9698000.0
            ],
            [
              500850.0,
              9697990.0
            ],
            [
              500820.0,
              9697990.0
            ],
            [
              500820.0,
              9697980.0
            ],
            [
              500750.0,
              9697980.0
            ],
            [
              500750.0,
              9697960.0
            ],
            [
              500740.0,
              9697960.0
            ],
            [
              500740.0,
              9697980.0
            ],
            [
              500730.0,
              9697980.0
            ],
            [
              500730.0,
              9697970.0
            ],
            [
              500720.0,
              9697970.0
            ],
            [
              500720.0,
              9697950.0
            ],
            [
              500730.0,
              9697950.0
            ],
            [
              500730.0,
              9697940.0
            ],
            [
              500740.0,
              9697940.0
            ],
            [
              500740.0,
              9697910.0
            ],
            [
              500760.0,
              9697910.0
            ],
            [
              500760.0,
              9697880.0
            ],
            [
              500730.0,
              9697880.0
            ],
            [
              500730.0,
              9697870.0
            ],
            [
              500740.0,
              9697870.0
            ],
            [
              500740.0,
              9697860.0
            ],
            [
              500750.0,
              9697860.0
            ],
            [
              500750.0,
              9697850.0
            ],
            [
              500760.0,
              9697850.0
            ],
            [
              500760.0,
              9697830.0
            ],
            [
              500770.0,
              9697830.0
            ],
            [
              500770.0,
              9697810.0
            ],
            [
              500780.0,
              9697810.0
            ],
            [
              500780.0,
              9697800.0
            ],
            [
              500770.0,
              9697800.0
            ],
            [
              500770.0,
              9697780.0
            ],
            [
              500790.0,
              9697780.0
            ],
            [
              500790.0,
              9697790.0
            ],
            [
              500820.0,
              9697790.0
            ],
            [
              500820.0,
              9697780.0
            ],
            [
              500810.0,
              9697780.0
            ],
            [
              500810.0,
              9697770.0
            ],
            [
              500820.0,
              9697770.0
            ],
            [
              500820.0,
              9697760.0
            ],
            [
              500810.0,
              9697760.0
            ],
            [
              500810.0,
              9697750.0
            ],
            [
              500800.0,
              9697750.0
            ],
            [
              500800.0,
              9697740.0
            ],
            [
              500780.0,
              9697740.0
            ],
            [
              500780.0,
              9697730.0
            ],
            [
              500800.0,
              9697730.0
            ],
            [
              500800.0,
              9697710.0
            ],
            [
              500830.0,
              9697710.0
            ],
            [
              500830.0,
              9697730.0
            ],
            [
              500820.0,
              9697730.0
            ],
            [
              500820.0,
              9697720.0
            ],
            [
              500810.0,
              9697720.0
            ],
            [
              500810.0,
              9697740.0
            ],
            [
              500830.0,
              9697740.0
            ],
            [
              500830.0,
              9697760.0
            ],
            [
              500840.0,
              9697760.0
            ],
            [
              500840.0,
              9697690.0
            ],
            [
              500850.0,
              9697690.0
            ],
            [
              500850.0,
              9697740.0
            ],
            [
              500860.0,
              9697740.0
            ],
            [
              500860.0,
              9697690.0
            ],
            [
              500870.0,
              9697690.0
            ],
            [
              500870.0,
              9697730.0
            ],
            [
              500880.0,
              9697730.0
            ],
            [
              500880.0,
              9697700.0
            ],
            [
              500900.0,
              9697700.0
            ],
            [
              500900.0,
              9697710.0
            ],
            [
              500910.0,
              9697710.0
            ],
            [
              500910.0,
              9697700.0
            ],
            [
              500920.0,
              9697700.0
            ],
            [
              500920.0,
              9697690.0
            ],
            [
              500930.0,
              9697690.0
            ],
            [
              500930.0,
              9697680.0
            ],
            [
              500940.0,
              9697680.0
            ],
            [
              500940.0,
              9697690.0
            ],
            [
              500960.0,
              9697690.0
            ],
            [
              500960.0,
              9697680.0
            ],
            [
              500980.0,
              9697680.0
            ],
            [
              500980.0,
              9697670.0
            ],
            [
              500960.0,
              9697670.0
            ],
            [
              500960.0,
              9697660.0
            ],
            [
              501000.0,
              9697660.0
            ],
            [
              501000.0,
              9697640.0
            ],
            [
              501010.0,
              9697640.0
            ],
            [
              501010.0,
              9697660.0
            ],
            [
              501020.0,
              9697660.0
            ],
            [
              501020.0,
              9697690.0
            ],
            [
              501040.0,
              9697690.0
            ],
            [
              501040.0,
              9697670.0
            ],
            [
              501050.0,
              9697670.0
            ],
            [
              501050.0,
              9697660.0
            ],
            [
              501060.0,
              9697660.0
            ],
            [
              501060.0,
              9697670.0
            ],
            [
              501070.0,
              9697670.0
            ],
            [
              501070.0,
              9697660.0
            ],
            [
              501090.0,
              9697660.0
            ],
            [
              501090.0,
              9697650.0
            ],
            [
              501120.0,
              9697650.0
            ],
            [
              501120.0,
              9697660.0
            ],
            [
              501110.0,
              9697660.0
            ],
            [
              501110.0,
              9697680.0
            ],
            [
              501120.0,
              9697680.0
            ],
            [
              501120.0,
              9697690.0
            ],
            [
              501130.0,
              9697690.0
            ],
            [
              501130.0,
              9697680.0
            ],
            [
              501160.0,
              9697680.0
            ],
            [
              501160.0,
              9697690.0
            ],
            [
              501170.0,
              9697690.0
            ],
            [
              501170.0,
              9697700.0
            ],
            [
              501160.0,
              9697700.0
            ],
            [
              501160.0,
              9697710.0
            ],
            [
              501170.0,
              9697710.0
            ],
            [
              501170.0,
              9697720.0
            ],
            [
              501180.0,
              9697720.0
            ],
            [
              501180.0,
              9697710.0
            ],
            [
              501200.0,
              9697710.0
            ],
            [
              501200.0,
              9697720.0
            ],
            [
              501210.0,
              9697720.0
            ],
            [
              501210.0,
              9697710.0
            ],
            [
              501230.0,
              9697710.0
            ],
            [
              501230.0,
              9697720.0
            ],
            [
              501220.0,
              9697720.0
            ],
            [
              501220.0,
              9697730.0
            ],
            [
              501230.0,
              9697730.0
            ],
            [
              501230.0,
              9697740.0
            ],
            [
              501240.0,
              9697740.0
            ],
            [
              501240.0,
              9697750.0
            ],
            [
              501260.0,
              9697750.0
            ],
            [
              501260.0,
              9697760.0
            ],
            [
              501280.0,
              9697760.0
            ],
            [
              501280.0,
              9697750.0
            ],
            [
              501300.0,
              9697750.0
            ],
            [
              501300.0,
              9697780.0
            ],
            [
              501290.0,
              9697780.0
            ],
            [
              501290.0,
              9697770.0
            ],
            [
              501270.0,
              9697770.0
            ],
            [
              501270.0,
              9697780.0
            ],
            [
              501280.0,
              9697780.0
            ],
            [
              501280.0,
              9697790.0
            ],
            [
              501310.0,
              9697790.0
            ],
            [
              501310.0,
              9697800.0
            ],
            [
              501300.0,
              9697800.0
            ],
            [
              501300.0,
              9697820.0
            ],
            [
              501290.0,
              9697820.0
            ],
            [
              501290.0,
              9697830.0
            ],
            [
              501300.0,
              9697830.0
            ],
            [
              501300.0,
              9697840.0
            ],
            [
              501310.0,
              9697840.0
            ],
            [
              501310.0,
              9697850.0
            ],
            [
              501320.0,
              9697850.0
            ],
            [
              501320.0,
              9697860.0
            ],
            [
              501330.0,
              9697860.0
            ],
            [
              501330.0,
              9697840.0
            ],
            [
              501320.0,
              9697840.0
            ],
            [
              501320.0,
              9697830.0
            ],
            [
              501330.0,
              9697830.0
            ],
            [
              501330.0,
              9697820.0
            ],
            [
              501340.0,
              9697820.0
            ],
            [
              501340.0,
              9697840.0
            ],
            [
              501350.0,
              9697840.0
            ],
            [
              501350.0,
              9697830.0
            ],
            [
              501360.0,
              9697830.0
            ],
            [
              501360.0,
              9697850.0
            ],
            [
              501340.0,
              9697850.0
            ],
            [
              501340.0,
              9697860.0
            ],
            [
              501360.0,
              9697860.0
            ],
            [
              501360.0,
              9697900.0
            ],
            [
              501380.0,
              9697900.0
            ],
            [
              501380.0,
              9697920.0
            ],
            [
              501370.0,
              9697920.0
            ],
            [
              501370.0,
              9697910.0
            ],
            [
              501360.0,
              9697910.0
            ],
            [
              501360.0,
              9697940.0
            ],
            [
              501350.0,
              9697940.0
            ],
            [
              501350.0,
              9697920.0
            ],
            [
              501340.0,
              9697920.0
            ],
            [
              501340.0,
              9697910.0
            ],
            [
              501330.0,
              9697910.0
            ],
            [
              501330.0,
              9697950.0
            ],
            [
              501350.0,
              9697950.0
            ],
            [
              501350.0,
              9697960.0
            ],
            [
              501340.0,
              9697960.0
            ],
            [
              501340.0,
              9697970.0
            ],
            [
              501350.0,
              9697970.0
            ],
            [
              501350.0,
              9697990.0
            ],
            [
              501370.0,
              9697990.0
            ],
            [
              501370.0,
              9698000.0
            ],
            [
              501330.0,
              9698000.0
            ],
            [
              501330.0,
              9698010.0
            ],
            [
              501340.0,
              9698010.0
            ],
            [
              501340.0,
              9698020.0
            ],
            [
              501350.0,
              9698020.0
            ],
            [
              501350.0,
              9698030.0
            ],
            [
              501340.0,
              9698030.0
            ],
            [
              501340.0,
              9698040.0
            ],
            [
              501350.0,
              9698040.0
            ],
            [
              501350.0,
              9698050.0
            ],
            [
              501360.0,
              9698050.0
            ],
            [
              501360.0,
              9698080.0
            ],
            [
              501350.0,
              9698080.0
            ],
            [
              501350.0,
              9698070.0
            ],
            [
              501340.0,
              9698070.0
            ],
            [
              501340.0,
              9698080.0
            ],
            [
              501330.0,
              9698080.0
            ],
            [
              501330.0,
              9698070.0
            ],
            [
              501310.0,
              9698070.0
            ],
            [
              501310.0,
              9698080.0
            ],
            [
              501320.0,
              9698080.0
            ],
            [
              501320.0,
              9698090.0
            ],
            [
              501310.0,
              9698090.0
            ],
            [
              501310.0,
              9698100.0
            ],
            [
              501320.0,
              9698100.0
            ],
            [
              501320.0,
              9698110.0
            ],
            [
              501310.0,
              9698110.0
            ],
            [
              501310.0,
              9698120.0
            ],
            [
              501300.0,
              9698120.0
            ],
            [
              501300.0,
              9698140.0
            ],
            [
              501330.0,
              9698140.0
            ],
            [
              501330.0,
              9698150.0
            ],
            [
              501290.0,
              9698150.0
            ],
            [
              501290.0,
              9698160.0
            ],
            [
              501300.0,
              9698160.0
            ],
            [
              501300.0,
              9698170.0
            ],
            [
              501290.0,
              9698170.0
            ],
            [
              501290.0,
              9698180.0
            ],
            [
              501280.0,
              9698180.0
            ],
            [
              501280.0,
              9698190.0
            ],
            [
              501270.0,
              9698190.0
            ],
            [
              501270.0,
              9698210.0
            ],
            [
              501260.0,
              9698210.0
            ],
            [
              501260.0,
              9698200.0
            ],
            [
              501250.0,
              9698200.0
            ],
            [
              501250.0,
              9698210.0
            ],
            [
              501240.0,
              9698210.0
            ],
            [
              501240.0,
              9698220.0
            ],
            [
              501230.0,
              9698220.0
            ],
            [
              501230.0,
              9698230.0
            ],
            [
              501220.0,
              9698230.0
            ],
            [
              501220.0,
              9698210.0
            ],
            [
              501210.0,
              9698210.0
            ],
            [
              501210.0,
              9698190.0
            ],
            [
              501190.0,
              9698190.0
            ],
            [
              501190.0,
              9698200.0
            ],
            [
              501200.0,
              9698200.0
            ],
            [
              501200.0,
              9698210.0
            ],
            [
              501170.0,
              9698210.0
            ],
            [
              501170.0,
              9698240.0
            ],
            [
              501160.0,
              9698240.0
            ],
            [
              501160.0,
              9698250.0
            ],
            [
              501170.0,
              9698250.0
            ],
            [
              501170.0,
              9698260.0
            ],
            [
              501160.0,
              9698260.0
            ],
            [
              501160.0,
              9698270.0
            ],
            [
              501150.0,
              9698270.0
            ]
          ],
          [
            [
              501150.0,
              9698230.0
            ],
            [
              501160.0,
              9698230.0
            ],
            [
              501160.0,
              9698220.0
            ],
            [
              501150.0,
              9698220.0
            ],
            [
              501150.0,
              9698230.0
            ]
          ],
          [
            [
              501230.0,
              9698210.0
            ],
            [
              501240.0,
              9698210.0
            ],
            [
              501240.0,
              9698190.0
            ],
            [
              501230.0,
              9698190.0
            ],
            [
              501230.0,
              9698210.0
            ]
          ],
          [
            [
              501250.0,
              9698190.0
            ],
            [
              501270.0,
              9698190.0
            ],
            [
              501270.0,
              9698180.0
            ],
            [
              501260.0,
              9698180.0
            ],
            [
              501260.0,
              9698170.0
            ],
            [
              501250.0,
              9698170.0
            ],
            [
              501250.0,
              9698190.0
            ]
          ],
          [
            [
              501230.0,
              9698170.0
            ],
            [
              501240.0,
              9698170.0
            ],
            [
              501240.0,
              9698160.0
            ],
            [
              501230.0,
              9698160.0
            ],
            [
              501230.0,
              9698170.0
            ]
          ],
          [
            [
              501270.0,
              9698150.0
            ],
            [
              501280.0,
              9698150.0
            ],
            [
              501280.0,
              9698140.0
            ],
            [
              501270.0,
              9698140.0
            ],
            [
              501270.0,
              9698150.0
            ]
          ],
          [
            [
              501250.0,
              9698140.0
            ],
            [
              501270.0,
              9698140.0
            ],
            [
              501270.0,
              9698130.0
            ],
            [
              501250.0,
              9698130.0
            ],
            [
              501250.0,
              9698140.0
            ]
          ],
          [
            [
              501280.0,
              9698140.0
            ],
            [
              501290.0,
              9698140.0
            ],
            [
              501290.0,
              9698120.0
            ],
            [
              501300.0,
              9698120.0
            ],
            [
              501300.0,
              9698090.0
            ],
            [
              501280.0,
              9698090.0
            ],
            [
              501280.0,
              9698100.0
            ],
            [
              501290.0,
              9698100.0
            ],
            [
              501290.0,
              9698110.0
            ],
            [
              501280.0,
              9698110.0
            ],
            [
              501280.0,
              9698140.0
            ]
          ],
          [
            [
              501330.0,
              9697990.0
            ],
            [
              501340.0,
              9697990.0
            ],
            [
              501340.0,
              9697980.0
            ],
            [
              501330.0,
              9697980.0
            ],
            [
              501330.0,
              9697990.0
            ]
          ],
          [
            [
              501340.0,
              9697910.0
            ],
            [
              501350.0,
              9697910.0
            ],
            [
              501350.0,
              9697890.0
            ],
            [
              501340.0,
              9697890.0
            ],
            [
              501340.0,
              9697910.0
            ]
          ],
          [
            [
              501320.0,
              9697890.0
            ],
            [
              501340.0,
              9697890.0
            ],
            [
              501340.0,
              9697880.0
            ],
            [
              501350.0,
              9697880.0
            ],
            [
              501350.0,
              9697870.0
            ],
            [
              501330.0,
              9697870.0
            ],
            [
              501330.0,
              9697880.0
            ],
            [
              501320.0,
              9697880.0
            ],
            [
              501320.0,
              9697890.0
            ]
          ],
          [
            [
              501300.0,
              9697870.0
            ],
            [
              501310.0,
              9697870.0
            ],
            [
              501310.0,
              9697860.0
            ],
            [
              501300.0,
              9697860.0
            ],
            [
              501300.0,
              9697870.0
            ]
          ],
          [
            [
              500780.0,
              9697840.0
            ],
            [
              500790.0,
              9697840.0
            ],
            [
              500790.0,
              9697820.0
            ],
            [
              500780.0,
              9697820.0
            ],
            [
              500780.0,
              9697840.0
            ]
          ],
          [
            [
              501280.0,
              9697820.0
            ],
            [
              501290.0,
              9697820.0
            ],
            [
              501290.0,
              9697810.0
            ],
            [
              501280.0,
              9697810.0
            ],
            [
              501280.0,
              9697820.0
            ]
          ],
          [
            [
              501270.0,
              9697800.0
            ],
            [
              501280.0,
              9697800.0
            ],
            [
              501280.0,
              9697790.0
            ],
            [
              501270.0,
              9697790.0
            ],
            [
              501270.0,
              9697800.0
            ]
          ],
          [
            [
              501230.0,
              9697780.0
            ],
            [
              501240.0,
              9697780.0
            ],
            [
              501240.0,
              9697770.0
            ],
            [
              501230.0,
              9697770.0
            ],
            [
              501230.0,
              9697780.0
            ]
          ],
          [
            [
              501250.0,
              9697780.0
            ],
            [
              501260.0,
              9697780.0
            ],
            [
              501260.0,
              9697760.0
            ],
            [
              501250.0,
              9697760.0
            ],
            [
              501250.0,
              9697780.0
            ]
          ],
          [
            [
              501210.0,
              9697760.0
            ],
            [
              501230.0,
              9697760.0
            ],
            [
              501230.0,
              9697750.0
            ],
            [
              501210.0,
              9697750.0
            ],
            [
              501210.0,
              9697760.0
            ]
          ],
          [
            [
              501200.0,
              9697750.0
            ],
            [
              501210.0,
              9697750.0
            ],
            [
              501210.0,
              9697740.0
            ],
            [
              501220.0,
              9697740.0
            ],
            [
              501220.0,
              9697730.0
            ],
            [
              501200.0,
              9697730.0
            ],
            [
              501200.0,
              9697750.0
            ]
          ],
          [
            [
              500970.0,
              9697710.0
            ],
            [
              500980.0,
              9697710.0
            ],
            [
              500980.0,
              9697700.0
            ],
            [
              500970.0,
              9697700.0
            ],
            [
              500970.0,
              9697710.0
            ]
          ],
          [
            [
              501040.0,
              9697700.0
            ],
            [
              501060.0,
              9697700.0
            ],
            [
              501060.0,
              9697690.0
            ],
            [
              501040.0,
              9697690.0
            ],
            [
              501040.0,
              9697700.0
            ]
          ],
          [
            [
              501070.0,
              9697700.0
            ],
            [
              501080.0,
              9697700.0
            ],
            [
              501080.0,
              9697690.0
            ],
            [
              501070.0,
              9697690.0
            ],
            [
              501070.0,
              9697700.0
            ]
          ],
          [
            [
              500990.0,
              9697690.0
            ],
            [
              501000.0,
              9697690.0
            ],
            [
              501000.0,
              9697670.0
            ],
            [
              500990.0,
              9697670.0
            ],
            [
              500990.0,
              9697690.0
            ]
          ],
          [
            [
              501080.0,
              9697690.0
            ],
            [
              501090.0,
              9697690.0
            ],
            [
              501090.0,
              9697680.0
            ],
            [
              501080.0,
              9697680.0
            ],
            [
              501080.0,
              9697690.0
            ]
          ],
          [
            [
              501090.0,
              9697670.0
            ],
            [
              501100.0,
              9697670.0
            ],
            [
              501100.0,
              9697660.0
            ],
            [
              501090.0,
              9697660.0
            ],
            [
              501090.0,
              9697670.0
            ]
          ]
        ]
      },
      "properties": {
        "alert_id": "DEF_2026_0032",
        "area_ha": 23.33,
        "perimeter_m": 5760.0,
        "severity": "High Severity",
        "driver": "Unassigned",
        "mean_dnbr": 0.719,
        "centroid_x": 501074.022718,
        "centroid_y": 9697924.87141,
        "status": "Verified Alert"
      }
    }
  ]
}